packet,direction,observed_count,scenarios_seen,observed,known_to_repo,source_path,opcode,status
SCOneUnitMovementPacket,S2C,30483,14,True,True,AAEmu.Game/Core/Packets/G2C/SCOneUnitMovementPacket.cs,0x06C,OBSERVED_AND_KNOWN
FastPingPacket,PROXY,4086,3,True,True,AAEmu.Game/Core/Packets/Proxy/FastPingPacket.cs,0x015,OBSERVED_AND_KNOWN
FastPongPacket,PROXY,4086,3,True,True,AAEmu.Game/Core/Packets/Proxy/FastPongPacket.cs,0x016,OBSERVED_AND_KNOWN
PingPacket,PROXY,1895,14,True,True,AAEmu.Game/Core/Packets/Proxy/PingPacket.cs,0x012,OBSERVED_AND_KNOWN
PongPacket,PROXY,1895,14,True,True,AAEmu.Game/Core/Packets/Proxy/PongPacket.cs,0x013,OBSERVED_AND_KNOWN
SCTargetChangedPacket,S2C,1765,12,True,True,AAEmu.Game/Core/Packets/G2C/SCTargetChangedPacket.cs,0x084,OBSERVED_AND_KNOWN
SCUnitModelPostureChangedPacket,S2C,1502,14,True,True,AAEmu.Game/Core/Packets/G2C/SCUnitModelPostureChangedPacket.cs,0x103,OBSERVED_AND_KNOWN
CSMoveUnitPacket,C2S,1399,14,True,True,AAEmu.Game/Core/Packets/C2G/CSMoveUnitPacket.cs,0x089,OBSERVED_AND_KNOWN
SCUnitPointsPacket,S2C,577,10,True,True,AAEmu.Game/Core/Packets/G2C/SCUnitPointsPacket.cs,0x0BA,OBSERVED_AND_KNOWN
CompressedGamePackets,UNKNOWN,187,4,True,True,AAEmu.Game/Core/Packets/CompressedGamePackets.cs,0x000,OBSERVED_AND_KNOWN
SCSkillEndedPacket,S2C,168,10,True,True,AAEmu.Game/Core/Packets/G2C/SCSkillEndedPacket.cs,0x0A3,OBSERVED_AND_KNOWN
SCSkillFiredPacket,S2C,165,10,True,True,AAEmu.Game/Core/Packets/G2C/SCSkillFiredPacket.cs,0x0A2,OBSERVED_AND_KNOWN
CSStartSkillPacket,C2S,146,9,True,True,AAEmu.Game/Core/Packets/C2G/CSStartSkillPacket.cs,0x052,OBSERVED_AND_KNOWN
SCAiAggroPacket,S2C,115,7,True,True,AAEmu.Game/Core/Packets/G2C/SCAiAggroPacket.cs,0x1C4,OBSERVED_AND_KNOWN
SCChatMessagePacket,S2C,79,14,True,True,AAEmu.Game/Core/Packets/G2C/SCChatMessagePacket.cs,0x0CE,OBSERVED_AND_KNOWN
SCDoodadsCreatedPacket,S2C,66,4,True,True,AAEmu.Game/Core/Packets/G2C/SCDoodadsCreatedPacket.cs,0x112,OBSERVED_AND_KNOWN
SCDoodadsRemovedPacket,S2C,66,4,True,True,AAEmu.Game/Core/Packets/G2C/SCDoodadsRemovedPacket.cs,0x113,OBSERVED_AND_KNOWN
SCUnitStatePacket,S2C,58,4,True,True,AAEmu.Game/Core/Packets/G2C/SCUnitStatePacket.cs,0x069,OBSERVED_AND_KNOWN
SCBuffCreatedPacket,S2C,52,3,True,True,AAEmu.Game/Core/Packets/G2C/SCBuffCreatedPacket.cs,0x0B6,OBSERVED_AND_KNOWN
SCUnitHealedPacket,S2C,51,2,True,True,AAEmu.Game/Core/Packets/G2C/SCUnitHealedPacket.cs,0x0A8,OBSERVED_AND_KNOWN
SCTimeOfDayPacket,S2C,49,13,True,True,AAEmu.Game/Core/Packets/G2C/SCTimeOfDayPacket.cs,0x0F0,OBSERVED_AND_KNOWN
SCBuffRemovedPacket,S2C,37,3,True,True,AAEmu.Game/Core/Packets/G2C/SCBuffRemovedPacket.cs,0x0B7,OBSERVED_AND_KNOWN
SCUnitsRemovedPacket,S2C,35,3,True,True,AAEmu.Game/Core/Packets/G2C/SCUnitsRemovedPacket.cs,0x06A,OBSERVED_AND_KNOWN
SCItemTaskSuccessPacket,S2C,25,10,True,True,AAEmu.Game/Core/Packets/G2C/SCItemTaskSuccessPacket.cs,0x090,OBSERVED_AND_KNOWN
CSChangeTargetPacket,C2S,24,9,True,True,AAEmu.Game/Core/Packets/C2G/CSChangeTargetPacket.cs,0x02C,OBSERVED_AND_KNOWN
CSCreateSkillControllerPacket,C2S,24,4,True,True,AAEmu.Game/Core/Packets/C2G/CSCreateSkillControllerPacket.cs,0x08B,OBSERVED_AND_KNOWN
SCUnitDamagedPacket,S2C,23,2,True,True,AAEmu.Game/Core/Packets/G2C/SCUnitDamagedPacket.cs,0x0A7,OBSERVED_AND_KNOWN
CSSendChatMessagePacket,C2S,17,10,True,True,AAEmu.Game/Core/Packets/C2G/CSSendChatMessagePacket.cs,0x063,OBSERVED_AND_KNOWN
SCCombatClearedPacket,S2C,15,3,True,True,AAEmu.Game/Core/Packets/G2C/SCCombatClearedPacket.cs,0x086,OBSERVED_AND_KNOWN
SCCombatFirstHitPacket,S2C,15,3,True,True,AAEmu.Game/Core/Packets/G2C/SCCombatFirstHitPacket.cs,0x089,OBSERVED_AND_KNOWN
SCQuestContextUpdatedPacket,S2C,15,3,True,True,AAEmu.Game/Core/Packets/G2C/SCQuestContextUpdatedPacket.cs,0x149,OBSERVED_AND_KNOWN
SCPlotEndedPacket,S2C,12,1,True,True,AAEmu.Game/Core/Packets/G2C/SCPlotEndedPacket.cs,0x0AF,OBSERVED_AND_KNOWN
SCSkillStartedPacket,S2C,11,4,True,True,AAEmu.Game/Core/Packets/G2C/SCSkillStartedPacket.cs,0x0A1,OBSERVED_AND_KNOWN
CSInteractNPCPacket,C2S,9,6,True,True,AAEmu.Game/Core/Packets/C2G/CSInteractNPCPacket.cs,0x065,OBSERVED_AND_KNOWN
CSStartInteractionPacket,C2S,8,6,True,True,AAEmu.Game/Core/Packets/C2G/CSStartInteractionPacket.cs,0x068,OBSERVED_AND_KNOWN
SCAggroTargetChangedPacket,S2C,8,3,True,True,AAEmu.Game/Core/Packets/G2C/SCAggroTargetChangedPacket.cs,0x1BD,OBSERVED_AND_KNOWN
SCNpcInteractionSkillListPacket,S2C,8,6,True,True,AAEmu.Game/Core/Packets/G2C/SCNpcInteractionSkillListPacket.cs,0x07B,OBSERVED_AND_KNOWN
SCDoodadCreatedPacket,S2C,7,3,True,True,AAEmu.Game/Core/Packets/G2C/SCDoodadCreatedPacket.cs,0x10C,OBSERVED_AND_KNOWN
SCUnitDeathPacket,S2C,7,3,True,True,AAEmu.Game/Core/Packets/G2C/SCUnitDeathPacket.cs,0x071,OBSERVED_AND_KNOWN
SCDoodadPhaseChangedPacket,S2C,6,3,True,True,AAEmu.Game/Core/Packets/G2C/SCDoodadPhaseChangedPacket.cs,0x10F,OBSERVED_AND_KNOWN
SCDoodadRemovedPacket,S2C,6,2,True,True,AAEmu.Game/Core/Packets/G2C/SCDoodadRemovedPacket.cs,0x10D,OBSERVED_AND_KNOWN
CSNotifySubZonePacket,C2S,5,1,True,True,AAEmu.Game/Core/Packets/C2G/CSNotifySubZonePacket.cs,0x112,OBSERVED_AND_KNOWN
CSChangeMateTargetPacket,C2S,4,3,True,True,AAEmu.Game/Core/Packets/C2G/CSChangeMateTargetPacket.cs,0x0A5,OBSERVED_AND_KNOWN
SCMateSpawnedPacket,S2C,4,3,True,True,AAEmu.Game/Core/Packets/G2C/SCMateSpawnedPacket.cs,0x125,OBSERVED_AND_KNOWN
SCMateStatePacket,S2C,4,3,True,True,AAEmu.Game/Core/Packets/G2C/SCMateStatePacket.cs,0x1AC,OBSERVED_AND_KNOWN
CSInteractNPCEndPacket,C2S,3,3,True,True,AAEmu.Game/Core/Packets/C2G/CSInteractNPCEndPacket.cs,0x066,OBSERVED_AND_KNOWN
CSMountMatePacket,C2S,3,2,True,True,AAEmu.Game/Core/Packets/C2G/CSMountMatePacket.cs,0x0A7,OBSERVED_AND_KNOWN
CSRemoveMatePacket,C2S,3,2,True,True,AAEmu.Game/Core/Packets/C2G/CSRemoveMatePacket.cs,0x0A4,OBSERVED_AND_KNOWN
CSUnMountMatePacket,C2S,3,2,True,True,AAEmu.Game/Core/Packets/C2G/CSUnMountMatePacket.cs,0x0A8,OBSERVED_AND_KNOWN
SCErrorMsgPacket,S2C,3,3,True,True,AAEmu.Game/Core/Packets/G2C/SCErrorMsgPacket.cs,0x10A,OBSERVED_AND_KNOWN
SCExpChangedPacket,S2C,3,3,True,True,AAEmu.Game/Core/Packets/G2C/SCExpChangedPacket.cs,0x0FE,OBSERVED_AND_KNOWN
SCUnitAttachedPacket,S2C,3,2,True,True,AAEmu.Game/Core/Packets/G2C/SCUnitAttachedPacket.cs,0x076,OBSERVED_AND_KNOWN
SCUnitDetachedPacket,S2C,3,2,True,True,AAEmu.Game/Core/Packets/G2C/SCUnitDetachedPacket.cs,0x077,OBSERVED_AND_KNOWN
CSBuyItemsPacket,C2S,2,2,True,True,AAEmu.Game/Core/Packets/C2G/CSBuyItemsPacket.cs,0x0AE,OBSERVED_AND_KNOWN
CSCreateDoodadPacket,C2S,2,2,True,True,AAEmu.Game/Core/Packets/C2G/CSCreateDoodadPacket.cs,0x0E6,OBSERVED_AND_KNOWN
CSListSoldItemPacket,C2S,2,1,True,True,AAEmu.Game/Core/Packets/C2G/CSListSoldItemPacket.cs,0x0B1,OBSERVED_AND_KNOWN
SCBmPointPacket,S2C,2,2,True,True,AAEmu.Game/Core/Packets/G2C/SCBmPointPacket.cs,0x046,OBSERVED_AND_KNOWN
SCCastingStoppedPacket,S2C,2,1,True,True,AAEmu.Game/Core/Packets/G2C/SCCastingStoppedPacket.cs,0x0A5,OBSERVED_AND_KNOWN
SCCharacterLaborPowerChangedPacket,S2C,2,2,True,True,AAEmu.Game/Core/Packets/G2C/SCCharacterLaborPowerChangedPacket.cs,0x045,OBSERVED_AND_KNOWN
SCGamePointChangedPacket,S2C,2,2,True,True,AAEmu.Game/Core/Packets/G2C/SCGamePointChangedPacket.cs,0x189,OBSERVED_AND_KNOWN
SCICSCashPointPacket,S2C,2,2,True,True,AAEmu.Game/Core/Packets/G2C/SCICSCashPointPacket.cs,0x1D6,OBSERVED_AND_KNOWN
SCQuestContextStartedPacket,S2C,2,2,True,True,AAEmu.Game/Core/Packets/G2C/SCQuestContextStartedPacket.cs,0x147,OBSERVED_AND_KNOWN
SCSoldItemListPacket,S2C,2,1,True,True,AAEmu.Game/Core/Packets/G2C/SCSoldItemListPacket.cs,0x12C,OBSERVED_AND_KNOWN
CSCompleteQuestContextPacket,C2S,1,1,True,True,AAEmu.Game/Core/Packets/C2G/CSCompleteQuestContextPacket.cs,0x0D6,OBSERVED_AND_KNOWN
CSSaveTutorialPacket,C2S,1,1,True,True,AAEmu.Game/Core/Packets/C2G/CSSaveTutorialPacket.cs,0x0F5,OBSERVED_AND_KNOWN
CSSellItemsPacket,C2S,1,1,True,True,AAEmu.Game/Core/Packets/C2G/CSSellItemsPacket.cs,0x0B0,OBSERVED_AND_KNOWN
CSStartQuestContextPacket,C2S,1,1,True,True,AAEmu.Game/Core/Packets/C2G/CSStartQuestContextPacket.cs,0x0D5,OBSERVED_AND_KNOWN
CSUpdateActionSlotPacket,C2S,1,1,True,True,AAEmu.Game/Core/Packets/C2G/CSUpdateActionSlotPacket.cs,0x0B6,OBSERVED_AND_KNOWN
SCChatBubblePacket,S2C,1,1,True,True,AAEmu.Game/Core/Packets/G2C/SCChatBubblePacket.cs,0x154,OBSERVED_AND_KNOWN
SCGotMailPacket,S2C,1,1,True,True,AAEmu.Game/Core/Packets/G2C/SCGotMailPacket.cs,0x118,OBSERVED_AND_KNOWN
SCNpcChatMessagePacket,S2C,1,1,True,True,AAEmu.Game/Core/Packets/G2C/SCNpcChatMessagePacket.cs,0x0CF,OBSERVED_AND_KNOWN
SCPlaySoundPacket,S2C,1,1,True,True,AAEmu.Game/Core/Packets/G2C/SCPlaySoundPacket.cs,0x1DE,OBSERVED_AND_KNOWN
SCQuestContextCompletedPacket,S2C,1,1,True,True,AAEmu.Game/Core/Packets/G2C/SCQuestContextCompletedPacket.cs,0x14B,OBSERVED_AND_KNOWN
SCTutorialSavedPacket,S2C,1,1,True,True,AAEmu.Game/Core/Packets/G2C/SCTutorialSavedPacket.cs,0x1A7,OBSERVED_AND_KNOWN
CACancelEnterWorldPacket,C2S,0,0,False,True,AAEmu.Login/Core/Packets/C2L/CACancelEnterWorldPacket.cs,0x00D,DISCOVERY_LEAD
CAChallengeResponse2Packet,C2S,0,0,False,True,AAEmu.Login/Core/Packets/C2L/CAChallengeResponse2Packet.cs,0x007,DISCOVERY_LEAD
CAChallengeResponsePacket,C2S,0,0,False,True,AAEmu.Login/Core/Packets/C2L/CAChallengeResponsePacket.cs,0x006,DISCOVERY_LEAD
CAEnterWorldPacket,C2S,0,0,False,True,AAEmu.Login/Core/Packets/C2L/CAEnterWorldPacket.cs,0x00C,DISCOVERY_LEAD
CAListWorldPacket,C2S,0,0,False,True,AAEmu.Login/Core/Packets/C2L/CAListWorldPacket.cs,0x00B,DISCOVERY_LEAD
CAOtpNumberPacket,C2S,0,0,False,True,AAEmu.Login/Core/Packets/C2L/CAOtpNumberPacket.cs,0x008,DISCOVERY_LEAD
CAPcCertNumberPacket,C2S,0,0,False,True,AAEmu.Login/Core/Packets/C2L/CAPcCertNumberPacket.cs,0x00A,DISCOVERY_LEAD
CARequestAuthGameOnPacket,C2S,0,0,False,True,AAEmu.Login/Core/Packets/C2L/CARequestAuthGameOnPacket.cs,0x003,DISCOVERY_LEAD
CARequestAuthMailRuPacket,C2S,0,0,False,True,AAEmu.Login/Core/Packets/C2L/CARequestAuthMailRuPacket.cs,0x005,DISCOVERY_LEAD
CARequestAuthPacket,C2S,0,0,False,True,AAEmu.Login/Core/Packets/C2L/CARequestAuthPacket.cs,0x001,DISCOVERY_LEAD
CARequestAuthTencentPacket,C2S,0,0,False,True,AAEmu.Login/Core/Packets/C2L/CARequestAuthTencentPacket.cs,0x002,DISCOVERY_LEAD
CARequestAuthTrionPacket,C2S,0,0,False,True,AAEmu.Login/Core/Packets/C2L/CARequestAuthTrionPacket.cs,0x004,DISCOVERY_LEAD
CARequestReconnectPacket,C2S,0,0,False,True,AAEmu.Login/Core/Packets/C2L/CARequestReconnectPacket.cs,0x00E,DISCOVERY_LEAD
CSAcceptCheatQuestContextPacket,C2S,0,0,False,True,AAEmu.Game/Core/Packets/C2G/CSAcceptCheatQuestContextPacket.cs,0xFFF,DISCOVERY_LEAD
CSActiveWeaponChangedPacket,C2S,0,0,False,True,AAEmu.Game/Core/Packets/C2G/CSActiveWeaponChangedPacket.cs,0x08C,DISCOVERY_LEAD
CSAddBlockedUserPacket,C2S,0,0,False,True,AAEmu.Game/Core/Packets/C2G/CSAddBlockedUserPacket.cs,0x107,DISCOVERY_LEAD
CSAddFriendPacket,C2S,0,0,False,True,AAEmu.Game/Core/Packets/C2G/CSAddFriendPacket.cs,0x104,DISCOVERY_LEAD
CSAllowHousingRecoverPacket,C2S,0,0,False,True,AAEmu.Game/Core/Packets/C2G/CSAllowHousingRecoverPacket.cs,0x05D,DISCOVERY_LEAD
CSApplyToInstantGamePacket,C2S,0,0,False,True,AAEmu.Game/Core/Packets/C2G/CSApplyToInstantGamePacket.cs,0x0E1,DISCOVERY_LEAD
CSAskRiskyTeamActionPacket,C2S,0,0,False,True,AAEmu.Game/Core/Packets/C2G/CSAskRiskyTeamActionPacket.cs,0x088,DISCOVERY_LEAD
CSAuctionLowestPricePacket,C2S,0,0,False,True,AAEmu.Game/Core/Packets/C2G/CSAuctionLowestPricePacket.cs,0x0BC,DISCOVERY_LEAD
CSAuctionMyBidListPacket,C2S,0,0,False,True,AAEmu.Game/Core/Packets/C2G/CSAuctionMyBidListPacket.cs,0x0BB,DISCOVERY_LEAD
CSAuctionPostPacket,C2S,0,0,False,True,AAEmu.Game/Core/Packets/C2G/CSAuctionPostPacket.cs,0x0B7,DISCOVERY_LEAD
CSAuctionSearchPacket,C2S,0,0,False,True,AAEmu.Game/Core/Packets/C2G/CSAuctionSearchPacket.cs,0x0B8,DISCOVERY_LEAD
CSBeautyshopDataPacket,C2S,0,0,False,True,AAEmu.Game/Core/Packets/C2G/CSBeautyshopDataPacket.cs,0x12D,DISCOVERY_LEAD
CSBidAuctionPacket,C2S,0,0,False,True,AAEmu.Game/Core/Packets/C2G/CSBidAuctionPacket.cs,0x0B9,DISCOVERY_LEAD
CSBindSlavePacket,C2S,0,0,False,True,AAEmu.Game/Core/Packets/C2G/CSBindSlavePacket.cs,0x031,DISCOVERY_LEAD
CSBoardingTransferPacket,C2S,0,0,False,True,AAEmu.Game/Core/Packets/C2G/CSBoardingTransferPacket.cs,0x067,DISCOVERY_LEAD
CSBroadcastVisualOptionPacket,C2S,0,0,False,True,AAEmu.Game/Core/Packets/C2G/CSBroadcastVisualOptionPacket.cs,0x119,DISCOVERY_LEAD
CSBuyCoinItemPacket,C2S,0,0,False,True,AAEmu.Game/Core/Packets/C2G/CSBuyCoinItemPacket.cs,0x0AF,DISCOVERY_LEAD
CSBuyHousePacket,C2S,0,0,False,True,AAEmu.Game/Core/Packets/C2G/CSBuyHousePacket.cs,0x060,DISCOVERY_LEAD
CSBuyPriestBuffPacket,C2S,0,0,False,True,AAEmu.Game/Core/Packets/C2G/CSBuyPriestBuffPacket.cs,0x0B2,DISCOVERY_LEAD
CSBuySpecialtyItemPacket,C2S,0,0,False,True,AAEmu.Game/Core/Packets/C2G/CSBuySpecialtyItemPacket.cs,0xFFF,DISCOVERY_LEAD
CSCanStartTradePacket,C2S,0,0,False,True,AAEmu.Game/Core/Packets/C2G/CSCanStartTradePacket.cs,0x0ED,DISCOVERY_LEAD
CSCancelAuctionPacket,C2S,0,0,False,True,AAEmu.Game/Core/Packets/C2G/CSCancelAuctionPacket.cs,0x0BA,DISCOVERY_LEAD
CSCancelCharacterDeletePacket,C2S,0,0,False,True,AAEmu.Game/Core/Packets/C2G/CSCancelCharacterDeletePacket.cs,0x027,DISCOVERY_LEAD
CSCancelInstantGamePacket,C2S,0,0,False,True,AAEmu.Game/Core/Packets/C2G/CSCancelInstantGamePacket.cs,0x0E2,DISCOVERY_LEAD
CSCancelLeaveWorldPacket,C2S,0,0,False,True,AAEmu.Game/Core/Packets/C2G/CSCancelLeaveWorldPacket.cs,0x002,DISCOVERY_LEAD
CSCancelTradePacket,C2S,0,0,False,True,AAEmu.Game/Core/Packets/C2G/CSCancelTradePacket.cs,0x0EF,DISCOVERY_LEAD
CSCancelTrialPacket,C2S,0,0,False,True,AAEmu.Game/Core/Packets/C2G/CSCancelTrialPacket.cs,0x074,DISCOVERY_LEAD
CSCannotStartTradePacket,C2S,0,0,False,True,AAEmu.Game/Core/Packets/C2G/CSCannotStartTradePacket.cs,0x0EE,DISCOVERY_LEAD
CSChallengeDuelPacket,C2S,0,0,False,True,AAEmu.Game/Core/Packets/C2G/CSChallengeDuelPacket.cs,0x050,DISCOVERY_LEAD
CSChangeAppellationPacket,C2S,0,0,False,True,AAEmu.Game/Core/Packets/C2G/CSChangeAppellationPacket.cs,0x0F9,DISCOVERY_LEAD
CSChangeDoodadDataPacket,C2S,0,0,False,True,AAEmu.Game/Core/Packets/C2G/CSChangeDoodadDataPacket.cs,0x0EB,DISCOVERY_LEAD
CSChangeDoodadPhasePacket,C2S,0,0,False,True,AAEmu.Game/Core/Packets/C2G/CSChangeDoodadPhasePacket.cs,0x0E9,DISCOVERY_LEAD
CSChangeExpeditionMemberRolePacket,C2S,0,0,False,True,AAEmu.Game/Core/Packets/C2G/CSChangeExpeditionMemberRolePacket.cs,0x007,DISCOVERY_LEAD
CSChangeExpeditionOwnerPacket,C2S,0,0,False,True,AAEmu.Game/Core/Packets/C2G/CSChangeExpeditionOwnerPacket.cs,0x008,DISCOVERY_LEAD
CSChangeExpeditionRolePolicyPacket,C2S,0,0,False,True,AAEmu.Game/Core/Packets/C2G/CSChangeExpeditionRolePolicyPacket.cs,0x006,DISCOVERY_LEAD
CSChangeExpeditionSponsorPacket,C2S,0,0,False,True,AAEmu.Game/Core/Packets/C2G/CSChangeExpeditionSponsorPacket.cs,0xFFF,DISCOVERY_LEAD
CSChangeHouseNamePacket,C2S,0,0,False,True,AAEmu.Game/Core/Packets/C2G/CSChangeHouseNamePacket.cs,0x059,DISCOVERY_LEAD
CSChangeHousePayPacket,C2S,0,0,False,True,AAEmu.Game/Core/Packets/C2G/CSChangeHousePayPacket.cs,0xFFF,DISCOVERY_LEAD
CSChangeHousePermissionPacket,C2S,0,0,False,True,AAEmu.Game/Core/Packets/C2G/CSChangeHousePermissionPacket.cs,0x05A,DISCOVERY_LEAD
CSChangeItemLookPacket,C2S,0,0,False,True,AAEmu.Game/Core/Packets/C2G/CSChangeItemLookPacket.cs,0xFFF,DISCOVERY_LEAD
CSChangeLootingRulePacket,C2S,0,0,False,True,AAEmu.Game/Core/Packets/C2G/CSChangeLootingRulePacket.cs,0x083,DISCOVERY_LEAD
CSChangeMateEquipmentPacket,C2S,0,0,False,True,AAEmu.Game/Core/Packets/C2G/CSChangeMateEquipmentPacket.cs,0x0A9,DISCOVERY_LEAD
CSChangeMateNamePacket,C2S,0,0,False,True,AAEmu.Game/Core/Packets/C2G/CSChangeMateNamePacket.cs,0x0A6,DISCOVERY_LEAD
CSChangeMateUserStatePacket,C2S,0,0,False,True,AAEmu.Game/Core/Packets/C2G/CSChangeMateUserStatePacket.cs,0x0AA,DISCOVERY_LEAD
CSChangeSlaveEquipmentPacket,C2S,0,0,False,True,AAEmu.Game/Core/Packets/C2G/CSChangeSlaveEquipmentPacket.cs,0x037,DISCOVERY_LEAD
CSChangeSlaveNamePacket,C2S,0,0,False,True,AAEmu.Game/Core/Packets/C2G/CSChangeSlaveNamePacket.cs,0x034,DISCOVERY_LEAD
CSChangeSlaveTargetPacket,C2S,0,0,False,True,AAEmu.Game/Core/Packets/C2G/CSChangeSlaveTargetPacket.cs,0xFFF,DISCOVERY_LEAD
CSCharDetailPacket,C2S,0,0,False,True,AAEmu.Game/Core/Packets/C2G/CSCharDetailPacket.cs,0x106,DISCOVERY_LEAD
CSCleanupLogicLinkPacket,C2S,0,0,False,True,AAEmu.Game/Core/Packets/C2G/CSCleanupLogicLinkPacket.cs,0x0F7,DISCOVERY_LEAD
CSCofferInteractionPacket,C2S,0,0,False,True,AAEmu.Game/Core/Packets/C2G/CSCofferInteractionPacket.cs,0x06C,DISCOVERY_LEAD
CSCompletedCinemaPacket,C2S,0,0,False,True,AAEmu.Game/Core/Packets/C2G/CSCompletedCinemaPacket.cs,0x0CE,DISCOVERY_LEAD
CSConsoleCmdUsedPacket,C2S,0,0,False,True,AAEmu.Game/Core/Packets/C2G/CSConsoleCmdUsedPacket.cs,0x064,DISCOVERY_LEAD
CSConstructHouseTaxPacket,C2S,0,0,False,True,AAEmu.Game/Core/Packets/C2G/CSConstructHouseTaxPacket.cs,0x056,DISCOVERY_LEAD
CSConvertItemLookPacket,C2S,0,0,False,True,AAEmu.Game/Core/Packets/C2G/CSConvertItemLookPacket.cs,0x049,DISCOVERY_LEAD
CSConvertToRaidTeamPacket,C2S,0,0,False,True,AAEmu.Game/Core/Packets/C2G/CSConvertToRaidTeamPacket.cs,0x080,DISCOVERY_LEAD
CSCreateCharacterPacket,C2S,0,0,False,True,AAEmu.Game/Core/Packets/C2G/CSCreateCharacterPacket.cs,0x022,DISCOVERY_LEAD
CSCreateExpeditionPacket,C2S,0,0,False,True,AAEmu.Game/Core/Packets/C2G/CSCreateExpeditionPacket.cs,0x004,DISCOVERY_LEAD
CSCreateHousePacket,C2S,0,0,False,True,AAEmu.Game/Core/Packets/C2G/CSCreateHousePacket.cs,0x057,DISCOVERY_LEAD
CSCreateShipyardPacket,C2S,0,0,False,True,AAEmu.Game/Core/Packets/C2G/CSCreateShipyardPacket.cs,0x0FC,DISCOVERY_LEAD
CSCriminalLockedPacket,C2S,0,0,False,True,AAEmu.Game/Core/Packets/C2G/CSCriminalLockedPacket.cs,0x06E,DISCOVERY_LEAD
CSDecorateHousePacket,C2S,0,0,False,True,AAEmu.Game/Core/Packets/C2G/CSDecorateHousePacket.cs,0x058,DISCOVERY_LEAD
CSDeleteBlockedUserPacket,C2S,0,0,False,True,AAEmu.Game/Core/Packets/C2G/CSDeleteBlockedUserPacket.cs,0x108,DISCOVERY_LEAD
CSDeleteCharacterPacket,C2S,0,0,False,True,AAEmu.Game/Core/Packets/C2G/CSDeleteCharacterPacket.cs,0x024,DISCOVERY_LEAD
CSDeleteFriendPacket,C2S,0,0,False,True,AAEmu.Game/Core/Packets/C2G/CSDeleteFriendPacket.cs,0x105,DISCOVERY_LEAD
CSDeleteMailPacket,C2S,0,0,False,True,AAEmu.Game/Core/Packets/C2G/CSDeleteMailPacket.cs,0x0A1,DISCOVERY_LEAD
CSDeletePortalPacket,C2S,0,0,False,True,AAEmu.Game/Core/Packets/C2G/CSDeletePortalPacket.cs,0x0DF,DISCOVERY_LEAD
CSDepositMoneyPacket,C2S,0,0,False,True,AAEmu.Game/Core/Packets/C2G/CSDepositMoneyPacket.cs,0x047,DISCOVERY_LEAD
CSDespawnSlavePacket,C2S,0,0,False,True,AAEmu.Game/Core/Packets/C2G/CSDespawnSlavePacket.cs,0x02F,DISCOVERY_LEAD
CSDestroyItemPacket,C2S,0,0,False,True,AAEmu.Game/Core/Packets/C2G/CSDestroyItemPacket.cs,0x038,DISCOVERY_LEAD
CSDestroySlavePacket,C2S,0,0,False,True,AAEmu.Game/Core/Packets/C2G/CSDestroySlavePacket.cs,0x030,DISCOVERY_LEAD
CSDiscardSlavePacket,C2S,0,0,False,True,AAEmu.Game/Core/Packets/C2G/CSDiscardSlavePacket.cs,0x032,DISCOVERY_LEAD
CSDismissExpeditionPacket,C2S,0,0,False,True,AAEmu.Game/Core/Packets/C2G/CSDismissExpeditionPacket.cs,0x00B,DISCOVERY_LEAD
CSDismissTeamPacket,C2S,0,0,False,True,AAEmu.Game/Core/Packets/C2G/CSDismissTeamPacket.cs,0x084,DISCOVERY_LEAD
CSDowngradeExpertLimitPacket,C2S,0,0,False,True,AAEmu.Game/Core/Packets/C2G/CSDowngradeExpertLimitPacket.cs,0x100,DISCOVERY_LEAD
CSDropQuestContextPacket,C2S,0,0,False,True,AAEmu.Game/Core/Packets/C2G/CSDropQuestContextPacket.cs,0x0D7,DISCOVERY_LEAD
CSEditCharacterPacket,C2S,0,0,False,True,AAEmu.Game/Core/Packets/C2G/CSEditCharacterPacket.cs,0x023,DISCOVERY_LEAD
CSEditorGameModePacket,C2S,0,0,False,True,AAEmu.Game/Core/Packets/C2G/CSEditorGameModePacket.cs,0x02B,DISCOVERY_LEAD
CSEndMusicPacket,C2S,0,0,False,True,AAEmu.Game/Core/Packets/C2G/CSEndMusicPacket.cs,0x124,DISCOVERY_LEAD
CSEnterBeautySalonPacket,C2S,0,0,False,True,AAEmu.Game/Core/Packets/C2G/CSEnterBeautySalonPacket.cs,0x12E,DISCOVERY_LEAD
CSEnteredInstantGameWorldPacket,C2S,0,0,False,True,AAEmu.Game/Core/Packets/C2G/CSEnteredInstantGameWorldPacket.cs,0x0E4,DISCOVERY_LEAD
CSEquipmentsSecurePacket,C2S,0,0,False,True,AAEmu.Game/Core/Packets/C2G/CSEquipmentsSecurePacket.cs,0x04C,DISCOVERY_LEAD
CSEquipmentsUnsecurePacket,C2S,0,0,False,True,AAEmu.Game/Core/Packets/C2G/CSEquipmentsUnsecurePacket.cs,0x04D,DISCOVERY_LEAD
CSExitBeautySalonPacket,C2S,0,0,False,True,AAEmu.Game/Core/Packets/C2G/CSExitBeautySalonPacket.cs,0x12C,DISCOVERY_LEAD
CSExpandExpertPacket,C2S,0,0,False,True,AAEmu.Game/Core/Packets/C2G/CSExpandExpertPacket.cs,0x101,DISCOVERY_LEAD
CSExpandSlotsPacket,C2S,0,0,False,True,AAEmu.Game/Core/Packets/C2G/CSExpandSlotsPacket.cs,0x041,DISCOVERY_LEAD
CSExpressEmotionPacket,C2S,0,0,False,True,AAEmu.Game/Core/Packets/C2G/CSExpressEmotionPacket.cs,0x0AD,DISCOVERY_LEAD
CSFactionDeclareHostilePacket,C2S,0,0,False,True,AAEmu.Game/Core/Packets/C2G/CSFactionDeclareHostilePacket.cs,0x019,DISCOVERY_LEAD
CSFactionImmigrateToOriginPacket,C2S,0,0,False,True,AAEmu.Game/Core/Packets/C2G/CSFactionImmigrateToOriginPacket.cs,0x017,DISCOVERY_LEAD
CSFactionImmigrationInvitePacket,C2S,0,0,False,True,AAEmu.Game/Core/Packets/C2G/CSFactionImmigrationInvitePacket.cs,0x015,DISCOVERY_LEAD
CSFactionImmigrationInviteReplyPacket,C2S,0,0,False,True,AAEmu.Game/Core/Packets/C2G/CSFactionImmigrationInviteReplyPacket.cs,0x016,DISCOVERY_LEAD
CSFactionKickToOriginPacket,C2S,0,0,False,True,AAEmu.Game/Core/Packets/C2G/CSFactionKickToOriginPacket.cs,0x018,DISCOVERY_LEAD
CSFamilyChangeOwnerPacket,C2S,0,0,False,True,AAEmu.Game/Core/Packets/C2G/CSFamilyChangeOwnerPacket.cs,0x01F,DISCOVERY_LEAD
CSFamilyChangeTitlePacket,C2S,0,0,False,True,AAEmu.Game/Core/Packets/C2G/CSFamilyChangeTitlePacket.cs,0x01E,DISCOVERY_LEAD
CSFamilyInviteMemberPacket,C2S,0,0,False,True,AAEmu.Game/Core/Packets/C2G/CSFamilyInviteMemberPacket.cs,0x01A,DISCOVERY_LEAD
CSFamilyKickPacket,C2S,0,0,False,True,AAEmu.Game/Core/Packets/C2G/CSFamilyKickPacket.cs,0x01D,DISCOVERY_LEAD
CSFamilyLeavePacket,C2S,0,0,False,True,AAEmu.Game/Core/Packets/C2G/CSFamilyLeavePacket.cs,0x01C,DISCOVERY_LEAD
CSFamilyReplyInvitationPacket,C2S,0,0,False,True,AAEmu.Game/Core/Packets/C2G/CSFamilyReplyInvitationPacket.cs,0x01B,DISCOVERY_LEAD
CSHangPacket,C2S,0,0,False,True,AAEmu.Game/Core/Packets/C2G/CSHangPacket.cs,0x0CB,DISCOVERY_LEAD
CSICSBuyGoodPacket,C2S,0,0,False,True,AAEmu.Game/Core/Packets/C2G/CSICSBuyGoodPacket.cs,0x11D,DISCOVERY_LEAD
CSICSGoodsListPacket,C2S,0,0,False,True,AAEmu.Game/Core/Packets/C2G/CSICSGoodsListPacket.cs,0x11C,DISCOVERY_LEAD
CSICSMenuListPacket,C2S,0,0,False,True,AAEmu.Game/Core/Packets/C2G/CSICSMenuListPacket.cs,0x11B,DISCOVERY_LEAD
CSICSMoneyRequestPacket,C2S,0,0,False,True,AAEmu.Game/Core/Packets/C2G/CSICSMoneyRequestPacket.cs,0x11E,DISCOVERY_LEAD
CSIdleStatusPacket,C2S,0,0,False,True,AAEmu.Game/Core/Packets/C2G/CSIdleStatusPacket.cs,0x132,DISCOVERY_LEAD
CSInstanceLoadedPacket,C2S,0,0,False,True,AAEmu.Game/Core/Packets/C2G/CSInstanceLoadedPacket.cs,0x0E0,DISCOVERY_LEAD
CSInviteAreaToTeamPacket,C2S,0,0,False,True,AAEmu.Game/Core/Packets/C2G/CSInviteAreaToTeamPacket.cs,0x07B,DISCOVERY_LEAD
CSInviteToExpeditionPacket,C2S,0,0,False,True,AAEmu.Game/Core/Packets/C2G/CSInviteToExpeditionPacket.cs,0x00C,DISCOVERY_LEAD
CSInviteToTeamPacket,C2S,0,0,False,True,AAEmu.Game/Core/Packets/C2G/CSInviteToTeamPacket.cs,0x07A,DISCOVERY_LEAD
CSItemSecurePacket,C2S,0,0,False,True,AAEmu.Game/Core/Packets/C2G/CSItemSecurePacket.cs,0x04A,DISCOVERY_LEAD
CSItemUnsecurePacket,C2S,0,0,False,True,AAEmu.Game/Core/Packets/C2G/CSItemUnsecurePacket.cs,0x04B,DISCOVERY_LEAD
CSJoinInstantGamePacket,C2S,0,0,False,True,AAEmu.Game/Core/Packets/C2G/CSJoinInstantGamePacket.cs,0x0E3,DISCOVERY_LEAD
CSJoinTrialAudiencePacket,C2S,0,0,False,True,AAEmu.Game/Core/Packets/C2G/CSJoinTrialAudiencePacket.cs,0x077,DISCOVERY_LEAD
CSJoinUserChatChannelPacket,C2S,0,0,False,True,AAEmu.Game/Core/Packets/C2G/CSJoinUserChatChannelPacket.cs,0x061,DISCOVERY_LEAD
CSJuryEndTestimonyPacket,C2S,0,0,False,True,AAEmu.Game/Core/Packets/C2G/CSJuryEndTestimonyPacket.cs,0x073,DISCOVERY_LEAD
CSJurySummonedPacket,C2S,0,0,False,True,AAEmu.Game/Core/Packets/C2G/CSJurySummonedPacket.cs,0x072,DISCOVERY_LEAD
CSJuryVerdictPacket,C2S,0,0,False,True,AAEmu.Game/Core/Packets/C2G/CSJuryVerdictPacket.cs,0x075,DISCOVERY_LEAD
CSKickFromExpeditionPacket,C2S,0,0,False,True,AAEmu.Game/Core/Packets/C2G/CSKickFromExpeditionPacket.cs,0x00F,DISCOVERY_LEAD
CSKickTeamMemberPacket,C2S,0,0,False,True,AAEmu.Game/Core/Packets/C2G/CSKickTeamMemberPacket.cs,0x07E,DISCOVERY_LEAD
CSLearnBuffPacket,C2S,0,0,False,True,AAEmu.Game/Core/Packets/C2G/CSLearnBuffPacket.cs,0x093,DISCOVERY_LEAD
CSLearnSkillPacket,C2S,0,0,False,True,AAEmu.Game/Core/Packets/C2G/CSLearnSkillPacket.cs,0x092,DISCOVERY_LEAD
CSLeaveChatChannelPacket,C2S,0,0,False,True,AAEmu.Game/Core/Packets/C2G/CSLeaveChatChannelPacket.cs,0x062,DISCOVERY_LEAD
CSLeaveExpeditionPacket,C2S,0,0,False,True,AAEmu.Game/Core/Packets/C2G/CSLeaveExpeditionPacket.cs,0x00E,DISCOVERY_LEAD
CSLeaveInstantGamePacket,C2S,0,0,False,True,AAEmu.Game/Core/Packets/C2G/CSLeaveInstantGamePacket.cs,0x0E5,DISCOVERY_LEAD
CSLeaveTeamPacket,C2S,0,0,False,True,AAEmu.Game/Core/Packets/C2G/CSLeaveTeamPacket.cs,0x07D,DISCOVERY_LEAD
CSLeaveTrialAudiencePacket,C2S,0,0,False,True,AAEmu.Game/Core/Packets/C2G/CSLeaveTrialAudiencePacket.cs,0x078,DISCOVERY_LEAD
CSLeaveWorldPacket,C2S,0,0,False,True,AAEmu.Game/Core/Packets/C2G/CSLeaveWorldPacket.cs,0x001,DISCOVERY_LEAD
CSListCharacterPacket,C2S,0,0,False,True,AAEmu.Game/Core/Packets/C2G/CSListCharacterPacket.cs,0x020,DISCOVERY_LEAD
CSListMailContinuePacket,C2S,0,0,False,True,AAEmu.Game/Core/Packets/C2G/CSListMailContinuePacket.cs,0x09B,DISCOVERY_LEAD
CSListMailPacket,C2S,0,0,False,True,AAEmu.Game/Core/Packets/C2G/CSListMailPacket.cs,0x09A,DISCOVERY_LEAD
CSListSpecialtyGoodsPacket,C2S,0,0,False,True,AAEmu.Game/Core/Packets/C2G/CSListSpecialtyGoodsPacket.cs,0x044,DISCOVERY_LEAD
CSLootCloseBagPacket,C2S,0,0,False,True,AAEmu.Game/Core/Packets/C2G/CSLootCloseBagPacket.cs,0x090,DISCOVERY_LEAD
CSLootDicePacket,C2S,0,0,False,True,AAEmu.Game/Core/Packets/C2G/CSLootDicePacket.cs,0x091,DISCOVERY_LEAD
CSLootItemPacket,C2S,0,0,False,True,AAEmu.Game/Core/Packets/C2G/CSLootItemPacket.cs,0x08F,DISCOVERY_LEAD
CSLootOpenBagPacket,C2S,0,0,False,True,AAEmu.Game/Core/Packets/C2G/CSLootOpenBagPacket.cs,0x08E,DISCOVERY_LEAD
CSMakeTeamOwnerPacket,C2S,0,0,False,True,AAEmu.Game/Core/Packets/C2G/CSMakeTeamOwnerPacket.cs,0x07F,DISCOVERY_LEAD
CSMoveTeamMemberPacket,C2S,0,0,False,True,AAEmu.Game/Core/Packets/C2G/CSMoveTeamMemberPacket.cs,0x081,DISCOVERY_LEAD
CSNaviOpenBountyPacket,C2S,0,0,False,True,AAEmu.Game/Core/Packets/C2G/CSNaviOpenBountyPacket.cs,0x0EA,DISCOVERY_LEAD
CSNaviOpenPortalPacket,C2S,0,0,False,True,AAEmu.Game/Core/Packets/C2G/CSNaviOpenPortalPacket.cs,0x0E8,DISCOVERY_LEAD
CSNaviTeleportPacket,C2S,0,0,False,True,AAEmu.Game/Core/Packets/C2G/CSNaviTeleportPacket.cs,0x0E7,DISCOVERY_LEAD
CSNotifyInGameCompletedPacket,C2S,0,0,False,True,AAEmu.Game/Core/Packets/C2G/CSNotifyInGameCompletedPacket.cs,0x02A,DISCOVERY_LEAD
CSNotifyInGamePacket,C2S,0,0,False,True,AAEmu.Game/Core/Packets/C2G/CSNotifyInGamePacket.cs,0x029,DISCOVERY_LEAD
CSPayChargeMoneyPacket,C2S,0,0,False,True,AAEmu.Game/Core/Packets/C2G/CSPayChargeMoneyPacket.cs,0x0A0,DISCOVERY_LEAD
CSPremiumServiceBuyPacket,C2S,0,0,False,True,AAEmu.Game/Core/Packets/C2G/CSPremiumServiceBuyPacket.cs,0x135,DISCOVERY_LEAD
CSPremiumServiceListPacket,C2S,0,0,False,True,AAEmu.Game/Core/Packets/C2G/CSPremiumServiceListPacket.cs,0x136,DISCOVERY_LEAD
CSPremiumServiceMsgPacket,C2S,0,0,False,True,AAEmu.Game/Core/Packets/C2G/CSPremiumServiceMsgPacket.cs,0x13C,DISCOVERY_LEAD
CSPutupTradeItemPacket,C2S,0,0,False,True,AAEmu.Game/Core/Packets/C2G/CSPutupTradeItemPacket.cs,0x0F0,DISCOVERY_LEAD
CSPutupTradeMoneyPacket,C2S,0,0,False,True,AAEmu.Game/Core/Packets/C2G/CSPutupTradeMoneyPacket.cs,0x0F1,DISCOVERY_LEAD
CSQuestStartWithPacket,C2S,0,0,False,True,AAEmu.Game/Core/Packets/C2G/CSQuestStartWithPacket.cs,0x0DB,DISCOVERY_LEAD
CSQuestTalkMadePacket,C2S,0,0,False,True,AAEmu.Game/Core/Packets/C2G/CSQuestTalkMadePacket.cs,0x0DA,DISCOVERY_LEAD
CSRankCharacterPacket,C2S,0,0,False,True,AAEmu.Game/Core/Packets/C2G/CSRankCharacterPacket.cs,0x12F,DISCOVERY_LEAD
CSReadMailPacket,C2S,0,0,False,True,AAEmu.Game/Core/Packets/C2G/CSReadMailPacket.cs,0x09C,DISCOVERY_LEAD
CSRefreshInCharacterListPacket,C2S,0,0,False,True,AAEmu.Game/Core/Packets/C2G/CSRefreshInCharacterListPacket.cs,0x021,DISCOVERY_LEAD
CSRemoveBuffPacket,C2S,0,0,False,True,AAEmu.Game/Core/Packets/C2G/CSRemoveBuffPacket.cs,0x055,DISCOVERY_LEAD
CSRenameExpeditionPacket,C2S,0,0,False,True,AAEmu.Game/Core/Packets/C2G/CSRenameExpeditionPacket.cs,0x009,DISCOVERY_LEAD
CSRepairAllEquipmentsPacket,C2S,0,0,False,True,AAEmu.Game/Core/Packets/C2G/CSRepairAllEquipmentsPacket.cs,0x03D,DISCOVERY_LEAD
CSRepairPetItemsPacket,C2S,0,0,False,True,AAEmu.Game/Core/Packets/C2G/CSRepairPetItemsPacket.cs,0x0B5,DISCOVERY_LEAD
CSRepairSingleEquipmentPacket,C2S,0,0,False,True,AAEmu.Game/Core/Packets/C2G/CSRepairSingleEquipmentPacket.cs,0x03C,DISCOVERY_LEAD
CSRepairSlaveItemsPacket,C2S,0,0,False,True,AAEmu.Game/Core/Packets/C2G/CSRepairSlaveItemsPacket.cs,0x035,DISCOVERY_LEAD
CSReplyExpeditionInvitationPacket,C2S,0,0,False,True,AAEmu.Game/Core/Packets/C2G/CSReplyExpeditionInvitationPacket.cs,0x00D,DISCOVERY_LEAD
CSReplyImprisonOrTrialPacket,C2S,0,0,False,True,AAEmu.Game/Core/Packets/C2G/CSReplyImprisonOrTrialPacket.cs,0x06F,DISCOVERY_LEAD
CSReplyInviteJuryPacket,C2S,0,0,False,True,AAEmu.Game/Core/Packets/C2G/CSReplyInviteJuryPacket.cs,0x071,DISCOVERY_LEAD
CSReplyToJoinTeamPacket,C2S,0,0,False,True,AAEmu.Game/Core/Packets/C2G/CSReplyToJoinTeamPacket.cs,0x07C,DISCOVERY_LEAD
CSReportCrimePacket,C2S,0,0,False,True,AAEmu.Game/Core/Packets/C2G/CSReportCrimePacket.cs,0x076,DISCOVERY_LEAD
CSReportSpamPacket,C2S,0,0,False,True,AAEmu.Game/Core/Packets/C2G/CSReportSpamPacket.cs,0x0A3,DISCOVERY_LEAD
CSRequestCharBriefPacket,C2S,0,0,False,True,AAEmu.Game/Core/Packets/C2G/CSRequestCharBriefPacket.cs,0x02D,DISCOVERY_LEAD
CSRequestHouseTaxPacket,C2S,0,0,False,True,AAEmu.Game/Core/Packets/C2G/CSRequestHouseTaxPacket.cs,0x05C,DISCOVERY_LEAD
CSRequestJuryWaitingNumberPacket,C2S,0,0,False,True,AAEmu.Game/Core/Packets/C2G/CSRequestJuryWaitingNumberPacket.cs,0x079,DISCOVERY_LEAD
CSRequestMusicNotesPacket,C2S,0,0,False,True,AAEmu.Game/Core/Packets/C2G/CSRequestMusicNotesPacket.cs,0x123,DISCOVERY_LEAD
CSRequestSecondPasswordKeyTablesPacket,C2S,0,0,False,True,AAEmu.Game/Core/Packets/C2G/CSRequestSecondPasswordKeyTablesPacket.cs,0x125,DISCOVERY_LEAD
CSRequestSpecialtyCurrentPacket,C2S,0,0,False,True,AAEmu.Game/Core/Packets/C2G/CSRequestSpecialtyCurrentPacket.cs,0x131,DISCOVERY_LEAD
CSRequestUIDataPacket,C2S,0,0,False,True,AAEmu.Game/Core/Packets/C2G/CSRequestUIDataPacket.cs,0x117,DISCOVERY_LEAD
CSResetQuestContextPacket,C2S,0,0,False,True,AAEmu.Game/Core/Packets/C2G/CSResetQuestContextPacket.cs,0xFFF,DISCOVERY_LEAD
CSResetSkillsPacket,C2S,0,0,False,True,AAEmu.Game/Core/Packets/C2G/CSResetSkillsPacket.cs,0x094,DISCOVERY_LEAD
CSRestartMainQuestPacket,C2S,0,0,False,True,AAEmu.Game/Core/Packets/C2G/CSRestartMainQuestPacket.cs,0x0FD,DISCOVERY_LEAD
CSRestrictCheckPacket,C2S,0,0,False,True,AAEmu.Game/Core/Packets/C2G/CSRestrictCheckPacket.cs,0x11A,DISCOVERY_LEAD
CSResturnAddrsPacket,C2S,0,0,False,True,AAEmu.Game/Core/Packets/C2G/CSResturnAddrsPacket.cs,0x115,DISCOVERY_LEAD
CSResurrectCharacterPacket,C2S,0,0,False,True,AAEmu.Game/Core/Packets/C2G/CSResurrectCharacterPacket.cs,0x04E,DISCOVERY_LEAD
CSReturnMailPacket,C2S,0,0,False,True,AAEmu.Game/Core/Packets/C2G/CSReturnMailPacket.cs,0x0A2,DISCOVERY_LEAD
CSRollDicePacket,C2S,0,0,False,True,AAEmu.Game/Core/Packets/C2G/CSRollDicePacket.cs,0x0BD,DISCOVERY_LEAD
CSSaveDoodadUccStringPacket,C2S,0,0,False,True,AAEmu.Game/Core/Packets/C2G/CSSaveDoodadUccStringPacket.cs,0xFFF,DISCOVERY_LEAD
CSSaveUIDataPacket,C2S,0,0,False,True,AAEmu.Game/Core/Packets/C2G/CSSaveUIDataPacket.cs,0x118,DISCOVERY_LEAD
CSSaveUserMusicNotesPacket,C2S,0,0,False,True,AAEmu.Game/Core/Packets/C2G/CSSaveUserMusicNotes.cs,0x122,DISCOVERY_LEAD
CSSearchListPacket,C2S,0,0,False,True,AAEmu.Game/Core/Packets/C2G/CSSearchListPacket.cs,0xFFF,DISCOVERY_LEAD
CSSelectCharacterPacket,C2S,0,0,False,True,AAEmu.Game/Core/Packets/C2G/CSSelectCharacterPacket.cs,0x025,DISCOVERY_LEAD
CSSelectInteractionExPacket,C2S,0,0,False,True,AAEmu.Game/Core/Packets/C2G/CSSelectInteractionExPacket.cs,0x06B,DISCOVERY_LEAD
CSSellBackpackGoodsPacket,C2S,0,0,False,True,AAEmu.Game/Core/Packets/C2G/CSSellBackpackGoodsPacket.cs,0x042,DISCOVERY_LEAD
CSSellHouseCancelPacket,C2S,0,0,False,True,AAEmu.Game/Core/Packets/C2G/CSSellHouseCancelPacket.cs,0x05F,DISCOVERY_LEAD
CSSellHousePacket,C2S,0,0,False,True,AAEmu.Game/Core/Packets/C2G/CSSellHousePacket.cs,0x05E,DISCOVERY_LEAD
CSSendMailPacket,C2S,0,0,False,True,AAEmu.Game/Core/Packets/C2G/CSSendMailPacket.cs,0x098,DISCOVERY_LEAD
CSSendUserMusicPacket,C2S,0,0,False,True,AAEmu.Game/Core/Packets/C2G/CSSendUserMusicPacket.cs,0x121,DISCOVERY_LEAD
CSSetCraftingPayPacket,C2S,0,0,False,True,AAEmu.Game/Core/Packets/C2G/CSSetCraftingPayPacket.cs,0xFFF,DISCOVERY_LEAD
CSSetForceAttackPacket,C2S,0,0,False,True,AAEmu.Game/Core/Packets/C2G/CSSetForceAttackPacket.cs,0x04F,DISCOVERY_LEAD
CSSetLogicDoodadPacket,C2S,0,0,False,True,AAEmu.Game/Core/Packets/C2G/CSSetLogicDoodadPacket.cs,0x0F6,DISCOVERY_LEAD
CSSetLpManageCharacterPacket,C2S,0,0,False,True,AAEmu.Game/Core/Packets/C2G/CSSetLpManageCharacterPacket.cs,0x0FE,DISCOVERY_LEAD
CSSetOverHeadMarkerPacket,C2S,0,0,False,True,AAEmu.Game/Core/Packets/C2G/CSSetOverHeadMarkerPacket.cs,0x086,DISCOVERY_LEAD
CSSetPingPosPacket,C2S,0,0,False,True,AAEmu.Game/Core/Packets/C2G/CSSetPingPosPacket.cs,0x087,DISCOVERY_LEAD
CSSetTeamMemberRolePacket,C2S,0,0,False,True,AAEmu.Game/Core/Packets/C2G/CSSetTeamMemberRolePacket.cs,0x085,DISCOVERY_LEAD
CSSetTeamOfficerPacket,C2S,0,0,False,True,AAEmu.Game/Core/Packets/C2G/CSSetTeamOfficerPacket.cs,0xFFF,DISCOVERY_LEAD
CSSkillControllerStatePacket,C2S,0,0,False,True,AAEmu.Game/Core/Packets/C2G/CSSkillControllerStatePacket.cs,0x08A,DISCOVERY_LEAD
CSSkipFinalStatementPacket,C2S,0,0,False,True,AAEmu.Game/Core/Packets/C2G/CSSkipFinalStatementPacket.cs,0x070,DISCOVERY_LEAD
CSSpawnCharacterPacket,C2S,0,0,False,True,AAEmu.Game/Core/Packets/C2G/CSSpawnCharacterPacket.cs,0x026,DISCOVERY_LEAD
CSSpawnSlavePacket,C2S,0,0,False,True,AAEmu.Game/Core/Packets/C2G/CSSpawnSlavePacket.cs,0x02E,DISCOVERY_LEAD
CSSpecialtyRatioPacket,C2S,0,0,False,True,AAEmu.Game/Core/Packets/C2G/CSSpecialtyRatioPacket.cs,0x043,DISCOVERY_LEAD
CSSpecialtyRecordLoadPacket,C2S,0,0,False,True,AAEmu.Game/Core/Packets/C2G/CSSpecialtyRecordLoadPacket.cs,0xFFF,DISCOVERY_LEAD
CSSplitBagItemPacket,C2S,0,0,False,True,AAEmu.Game/Core/Packets/C2G/CSSplitBagItemPacket.cs,0x039,DISCOVERY_LEAD
CSSplitCofferItemPacket,C2S,0,0,False,True,AAEmu.Game/Core/Packets/C2G/CSSplitCofferItemPacket.cs,0x03F,DISCOVERY_LEAD
CSStartDuelPacket,C2S,0,0,False,True,AAEmu.Game/Core/Packets/C2G/CSStartDuelPacket.cs,0x051,DISCOVERY_LEAD
CSStartTradePacket,C2S,0,0,False,True,AAEmu.Game/Core/Packets/C2G/CSStartTradePacket.cs,0x0EC,DISCOVERY_LEAD
CSStartedCinemaPacket,C2S,0,0,False,True,AAEmu.Game/Core/Packets/C2G/CSStartedCinemaPacket.cs,0x0CF,DISCOVERY_LEAD
CSStopCastingPacket,C2S,0,0,False,True,AAEmu.Game/Core/Packets/C2G/CSStopCastingPacket.cs,0x054,DISCOVERY_LEAD
CSSwapAbilityPacket,C2S,0,0,False,True,AAEmu.Game/Core/Packets/C2G/CSSwapAbilityPacket.cs,0x096,DISCOVERY_LEAD
CSSwapCofferItemsPacket,C2S,0,0,False,True,AAEmu.Game/Core/Packets/C2G/CSSwapCofferItemsPacket.cs,0x040,DISCOVERY_LEAD
CSSwapItemsPacket,C2S,0,0,False,True,AAEmu.Game/Core/Packets/C2G/CSSwapItemsPacket.cs,0x03A,DISCOVERY_LEAD
CSTakeAllAttachmentItemPacket,C2S,0,0,False,True,AAEmu.Game/Core/Packets/C2G/CSTakeAllAttachmentItemPacket.cs,0x139,DISCOVERY_LEAD
CSTakeAttachmentItemPacket,C2S,0,0,False,True,AAEmu.Game/Core/Packets/C2G/CSTakeAttachmentItemPacket.cs,0x09D,DISCOVERY_LEAD
CSTakeAttachmentMoneyPacket,C2S,0,0,False,True,AAEmu.Game/Core/Packets/C2G/CSTakeAttachmentMoneyPacket.cs,0x09E,DISCOVERY_LEAD
CSTakedownTradeItemPacket,C2S,0,0,False,True,AAEmu.Game/Core/Packets/C2G/CSTakedownTradeItemPacket.cs,0x0F2,DISCOVERY_LEAD
CSTeleportEndedPacket,C2S,0,0,False,True,AAEmu.Game/Core/Packets/C2G/CSTeleportEndedPacket.cs,0x0B4,DISCOVERY_LEAD
CSThisTimeUnpackItemPacket,C2S,0,0,False,True,AAEmu.Game/Core/Packets/C2G/CSThisTimeUnpackItemPacket.cs,0x134,DISCOVERY_LEAD
CSTradeLockPacket,C2S,0,0,False,True,AAEmu.Game/Core/Packets/C2G/CSTradeLockPacket.cs,0x0F3,DISCOVERY_LEAD
CSTradeOkPacket,C2S,0,0,False,True,AAEmu.Game/Core/Packets/C2G/CSTradeOkPacket.cs,0x0F4,DISCOVERY_LEAD
CSTryQuestCompleteAsLetItDonePacket,C2S,0,0,False,True,AAEmu.Game/Core/Packets/C2G/CSTryQuestCompleteAsLetItDonePacket.cs,0x0DD,DISCOVERY_LEAD
CSTurretStatePacket,C2S,0,0,False,True,AAEmu.Game/Core/Packets/C2G/CSTurretStatePacket.cs,0x036,DISCOVERY_LEAD
CSUnbondDoodadPacket,C2S,0,0,False,True,AAEmu.Game/Core/Packets/C2G/CSUnbondDoodadPacket.cs,0x0CD,DISCOVERY_LEAD
CSUnhangPacket,C2S,0,0,False,True,AAEmu.Game/Core/Packets/C2G/CSUnhangPacket.cs,0x0CC,DISCOVERY_LEAD
CSUnknownInstancePacket,C2S,0,0,False,True,AAEmu.Game/Core/Packets/C2G/CSUnknownInstancePacket.cs,0x13E,DISCOVERY_LEAD
CSUpdateDominionTaxRatePacket,C2S,0,0,False,True,AAEmu.Game/Core/Packets/C2G/CSUpdateDominionTaxRatePacket.cs,0x012,DISCOVERY_LEAD
CSUpdateNationalTaxRatePacket,C2S,0,0,False,True,AAEmu.Game/Core/Packets/C2G/CSUpdateNationalTaxRatePacket.cs,0xFFF,DISCOVERY_LEAD
CSUpgradeExpertLimitPacket,C2S,0,0,False,True,AAEmu.Game/Core/Packets/C2G/CSUpgradeExpertLimitPacket.cs,0x0FF,DISCOVERY_LEAD
CSUsePortalPacket,C2S,0,0,False,True,AAEmu.Game/Core/Packets/C2G/CSUsePortalPacket.cs,0x0DE,DISCOVERY_LEAD
CSUseTeleportPacket,C2S,0,0,False,True,AAEmu.Game/Core/Packets/C2G/CSUseTeleportPacket.cs,0x0B3,DISCOVERY_LEAD
CSWithdrawMoneyPacket,C2S,0,0,False,True,AAEmu.Game/Core/Packets/C2G/CSWithdrawMoneyPacket.cs,0x048,DISCOVERY_LEAD
CTCancelCellPacket,C2S,0,0,False,True,AAEmu.Game/Core/Packets/C2S/CTCancelCellPacket.cs,0x004,DISCOVERY_LEAD
CTContinuePacket,C2S,0,0,False,True,AAEmu.Game/Core/Packets/C2S/CTContinuePacket.cs,0x005,DISCOVERY_LEAD
CTEmblemPartDownloadedPacket,C2S,0,0,False,True,AAEmu.Game/Core/Packets/C2S/CTEmblemPartDownloadedPacket.cs,0x011,DISCOVERY_LEAD
CTEmblemStreamDownloadStatusPacket,C2S,0,0,False,True,AAEmu.Game/Core/Packets/C2S/CTEmblemStreamDownloadStatusPacket.cs,0x00F,DISCOVERY_LEAD
CTEmblemStreamUploadStatusPacket,C2S,0,0,False,True,AAEmu.Game/Core/Packets/C2S/CTEmblemStreamUploadStatusPacket.cs,0x00D,DISCOVERY_LEAD
CTItemUccPacket,C2S,0,0,False,True,AAEmu.Game/Core/Packets/C2S/CTItemUccPacket.cs,0x010,DISCOVERY_LEAD
CTJoinPacket,C2S,0,0,False,True,AAEmu.Game/Core/Packets/C2S/CTJoinPacket.cs,0x001,DISCOVERY_LEAD
CTQueryCharNamePacket,C2S,0,0,False,True,AAEmu.Game/Core/Packets/C2S/CTQueryCharNamePacket.cs,0x00A,DISCOVERY_LEAD
CTRequestCellPacket,C2S,0,0,False,True,AAEmu.Game/Core/Packets/C2S/CTRequestCellPacket.cs,0x002,DISCOVERY_LEAD
CTRequestEmblemPacket,C2S,0,0,False,True,AAEmu.Game/Core/Packets/C2S/CTRequestEmblemPacket.cs,0x003,DISCOVERY_LEAD
CTStartUploadEmblemStreamPacket,C2S,0,0,False,True,AAEmu.Game/Core/Packets/C2S/CTStartUploadEmblemStreamPacket.cs,0x00E,DISCOVERY_LEAD
CTUccCharacterNamePacket,C2S,0,0,False,True,AAEmu.Game/Core/Packets/C2S/CTUccCharacterNamePacket.cs,0x009,DISCOVERY_LEAD
CTUccComplexCheckValidPacket,C2S,0,0,False,True,AAEmu.Game/Core/Packets/C2S/CTUccComplexCheckValidPacket.cs,0x012,DISCOVERY_LEAD
CTUccComplexPacket,C2S,0,0,False,True,AAEmu.Game/Core/Packets/C2S/CTUccComplexPacket.cs,0x006,DISCOVERY_LEAD
CTUccPositionPacket,C2S,0,0,False,True,AAEmu.Game/Core/Packets/C2S/CTUccPositionPacket.cs,0x008,DISCOVERY_LEAD
CTUccStringPacket,C2S,0,0,False,True,AAEmu.Game/Core/Packets/C2S/CTUccStringPacket.cs,0x007,DISCOVERY_LEAD
CTUploadEmblemStreamPacket,C2S,0,0,False,True,AAEmu.Game/Core/Packets/C2S/CTUploadEmblemStreamPacket.cs,0x00C,DISCOVERY_LEAD
X2EnterWorldPacket,C2S,0,0,False,True,AAEmu.Game/Core/Packets/C2G/X2EnterWorldPacket.cs,0x000,DISCOVERY_LEAD
GLGameServerLoadPacket,INTERNAL,0,0,False,True,AAEmu.Login/Core/Packets/G2L/GLGameServerLoadPacket.cs,0x004,DISCOVERY_LEAD
GLPlayerEnterPacket,INTERNAL,0,0,False,True,AAEmu.Login/Core/Packets/G2L/GLPlayerEnterPacket.cs,0x001,DISCOVERY_LEAD
GLPlayerReconnectPacket,INTERNAL,0,0,False,True,AAEmu.Login/Core/Packets/G2L/GLPlayerReconnectPacket.cs,0x002,DISCOVERY_LEAD
GLRegisterGameServerPacket,INTERNAL,0,0,False,True,AAEmu.Login/Core/Packets/G2L/GLRegisterGameServerPacket.cs,0x000,DISCOVERY_LEAD
GLRequestInfoPacket,INTERNAL,0,0,False,True,AAEmu.Login/Core/Packets/G2L/GLRequestInfoPacket.cs,0x003,DISCOVERY_LEAD
LGPlayerEnterPacket,INTERNAL,0,0,False,True,AAEmu.Login/Core/Packets/L2G/LGPlayerEnterPacket.cs,0x001,DISCOVERY_LEAD
LGPlayerReconnectPacket,INTERNAL,0,0,False,True,AAEmu.Login/Core/Packets/L2G/LGPlayerReconnectPacket.cs,0x002,DISCOVERY_LEAD
LGRegisterGameServerPacket,INTERNAL,0,0,False,True,AAEmu.Login/Core/Packets/L2G/LGRegisterGameServerPacket.cs,0x000,DISCOVERY_LEAD
LGRequestInfoPacket,INTERNAL,0,0,False,True,AAEmu.Login/Core/Packets/L2G/LGRequestInfoPacket.cs,0x003,DISCOVERY_LEAD
BeginBindObjPacket,PROXY,0,0,False,True,AAEmu.Game/Core/Packets/Proxy/BeginBindObjPacket.cs,0x007,DISCOVERY_LEAD
BeginUpdateObjPacket,PROXY,0,0,False,True,AAEmu.Game/Core/Packets/Proxy/BeginUpdateObjPacket.cs,0x005,DISCOVERY_LEAD
ChangeCVarPacket,PROXY,0,0,False,True,AAEmu.Game/Core/Packets/Proxy/ChangeCVarPacket.cs,0x010,DISCOVERY_LEAD
ChangeStatePacket,PROXY,0,0,False,True,AAEmu.Game/Core/Packets/Proxy/ChangeStatePacket.cs,0x000,DISCOVERY_LEAD
EndBindObjPacket,PROXY,0,0,False,True,AAEmu.Game/Core/Packets/Proxy/EndBindObjPacket.cs,0x008,DISCOVERY_LEAD
EndUpdateObjPacket,PROXY,0,0,False,True,AAEmu.Game/Core/Packets/Proxy/EndUpdateObjPacket.cs,0x006,DISCOVERY_LEAD
EntityClassRegistrationPacket,PROXY,0,0,False,True,AAEmu.Game/Core/Packets/Proxy/EntityClassRegistrationPacket.cs,0x011,DISCOVERY_LEAD
FinishStatePacket,PROXY,0,0,False,True,AAEmu.Game/Core/Packets/Proxy/FinishStatePacket.cs,0x001,DISCOVERY_LEAD
FlushMsgsPacket,PROXY,0,0,False,True,AAEmu.Game/Core/Packets/Proxy/FlushMsgsPacket.cs,0x002,DISCOVERY_LEAD
PacketSeqChange,PROXY,0,0,False,True,AAEmu.Game/Core/Packets/Proxy/PacketSeqChange.cs,0x014,DISCOVERY_LEAD
PartialAspectPacket,PROXY,0,0,False,True,AAEmu.Game/Core/Packets/Proxy/PartialAspectPacket.cs,0x00E,DISCOVERY_LEAD
RemoveStaticObjPacket,PROXY,0,0,False,True,AAEmu.Game/Core/Packets/Proxy/RemoveStaticObjPacket.cs,0x00A,DISCOVERY_LEAD
SetAspectProfilePacket,PROXY,0,0,False,True,AAEmu.Game/Core/Packets/Proxy/SetAspectProfilePacket.cs,0x00D,DISCOVERY_LEAD
SetGameTypePacket,PROXY,0,0,False,True,AAEmu.Game/Core/Packets/Proxy/SetGameTypePacket.cs,0x00F,DISCOVERY_LEAD
UnbindPredictedObjPacket,PROXY,0,0,False,True,AAEmu.Game/Core/Packets/Proxy/UnbindPredictedObjPacket.cs,0x009,DISCOVERY_LEAD
UpdateAspectPacket,PROXY,0,0,False,True,AAEmu.Game/Core/Packets/Proxy/UpdateAspectPacket.cs,0x00C,DISCOVERY_LEAD
UpdatePhysicsTimePacket,PROXY,0,0,False,True,AAEmu.Game/Core/Packets/Proxy/UpdatePhysicsTimePacket.cs,0x004,DISCOVERY_LEAD
VoiceDataPacket,PROXY,0,0,False,True,AAEmu.Game/Core/Packets/Proxy/VoiceDataPacket.cs,0x00B,DISCOVERY_LEAD
ACAccountWarnedPacket,S2C,0,0,False,True,AAEmu.Login/Core/Packets/L2C/ACAccountWarnedPacket.cs,0x00D,DISCOVERY_LEAD
ACAuthResponsePacket,S2C,0,0,False,True,AAEmu.Login/Core/Packets/L2C/ACAuthResponsePacket.cs,0x003,DISCOVERY_LEAD
ACChallenge2Packet,S2C,0,0,False,True,AAEmu.Login/Core/Packets/L2C/ACChallenge2Packet.cs,0x004,DISCOVERY_LEAD
ACChallengePacket,S2C,0,0,False,True,AAEmu.Login/Core/Packets/L2C/ACChallengePacket.cs,0x002,DISCOVERY_LEAD
ACEnterOtpPacket,S2C,0,0,False,True,AAEmu.Login/Core/Packets/L2C/ACEnterOtpPacket.cs,0x005,DISCOVERY_LEAD
ACEnterPcCertPacket,S2C,0,0,False,True,AAEmu.Login/Core/Packets/L2C/ACEnterPcCertPacket.cs,0x007,DISCOVERY_LEAD
ACEnterWorldDeniedPacket,S2C,0,0,False,True,AAEmu.Login/Core/Packets/L2C/ACEnterWorldDeniedPacket.cs,0x00B,DISCOVERY_LEAD
ACJoinResponsePacket,S2C,0,0,False,True,AAEmu.Login/Core/Packets/L2C/ACJoinResponsePacket.cs,0x000,DISCOVERY_LEAD
ACLoginDeniedPacket,S2C,0,0,False,True,AAEmu.Login/Core/Packets/L2C/ACLoginDeniedPacket.cs,0x00C,DISCOVERY_LEAD
ACShowArsPacket,S2C,0,0,False,True,AAEmu.Login/Core/Packets/L2C/ACShowArsPacket.cs,0x006,DISCOVERY_LEAD
ACWorldCookiePacket,S2C,0,0,False,True,AAEmu.Login/Core/Packets/L2C/ACWorldCookiePacket.cs,0x00A,DISCOVERY_LEAD
ACWorldListPacket,S2C,0,0,False,True,AAEmu.Login/Core/Packets/L2C/ACWorldListPacket.cs,0x008,DISCOVERY_LEAD
ACWorldQueuePacket,S2C,0,0,False,True,AAEmu.Login/Core/Packets/L2C/ACWorldQueuePacket.cs,0x009,DISCOVERY_LEAD
SCAbilityExpChangedPacket,S2C,0,0,False,True,AAEmu.Game/Core/Packets/G2C/SCAbilityExpChangedPacket.cs,0x0FF,DISCOVERY_LEAD
SCAbilitySwappedPacket,S2C,0,0,False,True,AAEmu.Game/Core/Packets/G2C/SCAbilitySwappedPacket.cs,0x109,DISCOVERY_LEAD
SCAboxTeleportPacket,S2C,0,0,False,True,AAEmu.Game/Core/Packets/G2C/SCAboxTeleportPacket.cs,0x1A2,DISCOVERY_LEAD
SCAccountAttributeConfigPacket,S2C,0,0,False,True,AAEmu.Game/Core/Packets/G2C/SCAccountAttributeConfigPacket.cs,0x215,DISCOVERY_LEAD
SCAccountInfoPacket,S2C,0,0,False,True,AAEmu.Game/Core/Packets/G2C/SCAccountInfoPacket.cs,0x1C2,DISCOVERY_LEAD
SCAccountWarnedPacket,S2C,0,0,False,True,AAEmu.Game/Core/Packets/G2C/SCAccountWarnedPacket.cs,0x1A1,DISCOVERY_LEAD
SCAchievementChangedPacket,S2C,0,0,False,True,AAEmu.Game/Core/Packets/G2C/SCAchievementChangedPacket.cs,0x1FD,DISCOVERY_LEAD
SCAchievementCompletedPacket,S2C,0,0,False,True,AAEmu.Game/Core/Packets/G2C/SCAchievementCompletedPacket.cs,0x1FE,DISCOVERY_LEAD
SCAchievementItemSentPacket,S2C,0,0,False,True,AAEmu.Game/Core/Packets/G2C/SCAchievementItemSentPacket.cs,0x200,DISCOVERY_LEAD
SCAchievementResetedPacket,S2C,0,0,False,True,AAEmu.Game/Core/Packets/G2C/SCAchievementResetedPacket.cs,0x1FF,DISCOVERY_LEAD
SCAchievementsPacket,S2C,0,0,False,True,AAEmu.Game/Core/Packets/G2C/SCAchievementsPacket.cs,0x1FC,DISCOVERY_LEAD
SCActabilityPacket,S2C,0,0,False,True,AAEmu.Game/Core/Packets/G2C/SCActabilityPacket.cs,0x136,DISCOVERY_LEAD
SCActionSlotsPacket,S2C,0,0,False,True,AAEmu.Game/Core/Packets/G2C/SCActionSlotsPacket.cs,0x12D,DISCOVERY_LEAD
SCActiveWeaponChangedPacket,S2C,0,0,False,True,AAEmu.Game/Core/Packets/G2C/SCActiveWeaponChangedPacket.cs,0x06F,DISCOVERY_LEAD
SCAddActionPointPacket,S2C,0,0,False,True,AAEmu.Game/Core/Packets/G2C/SCAddActionPointPacket.cs,0x047,DISCOVERY_LEAD
SCAddBlockedUserPacket,S2C,0,0,False,True,AAEmu.Game/Core/Packets/G2C/SCAddBlockedUserPacket.cs,0x055,DISCOVERY_LEAD
SCAddFriendPacket,S2C,0,0,False,True,AAEmu.Game/Core/Packets/G2C/SCAddFriendPacket.cs,0x050,DISCOVERY_LEAD
SCAppellationChangedPacket,S2C,0,0,False,True,AAEmu.Game/Core/Packets/G2C/SCAppellationChangedPacket.cs,0x1A6,DISCOVERY_LEAD
SCAppellationGainedPacket,S2C,0,0,False,True,AAEmu.Game/Core/Packets/G2C/SCAppellationGainedPacket.cs,0x1A5,DISCOVERY_LEAD
SCAppellationsPacket,S2C,0,0,False,True,AAEmu.Game/Core/Packets/G2C/SCAppellationsPacket.cs,0x1A4,DISCOVERY_LEAD
SCAppliedToInstantGamePacket,S2C,0,0,False,True,AAEmu.Game/Core/Packets/G2C/SCAppliedToInstantGamePacket.cs,0x18B,DISCOVERY_LEAD
SCAreaChatBubblePacket,S2C,0,0,False,True,AAEmu.Game/Core/Packets/G2C/SCAreaChatBubblePacket.cs,0x153,DISCOVERY_LEAD
SCAskImprisonOrTrialPacket,S2C,0,0,False,True,AAEmu.Game/Core/Packets/G2C/SCAskImprisonOrTrialPacket.cs,0x171,DISCOVERY_LEAD
SCAskToJoinTeamAreaPacket,S2C,0,0,False,True,AAEmu.Game/Core/Packets/G2C/SCAskToJoinTeamAreaPacket.cs,0x0D5,DISCOVERY_LEAD
SCAskToJoinTeamPacket,S2C,0,0,False,True,AAEmu.Game/Core/Packets/G2C/SCAskToJoinTeamPacket.cs,0x0D4,DISCOVERY_LEAD
SCAttachmentTakenPacket,S2C,0,0,False,True,AAEmu.Game/Core/Packets/G2C/SCAttachmentTakenPacket.cs,0x11D,DISCOVERY_LEAD
SCAuctionBidPacket,S2C,0,0,False,True,AAEmu.Game/Core/Packets/G2C/SCAuctionBidPacket.cs,0x131,DISCOVERY_LEAD
SCAuctionCanceledPacket,S2C,0,0,False,True,AAEmu.Game/Core/Packets/G2C/SCAuctionCanceledPacket.cs,0x132,DISCOVERY_LEAD
SCAuctionLowestPricePacket,S2C,0,0,False,True,AAEmu.Game/Core/Packets/G2C/SCAuctionLowestPricePacket.cs,0x130,DISCOVERY_LEAD
SCAuctionPostedPacket,S2C,0,0,False,True,AAEmu.Game/Core/Packets/G2C/SCAuctionPostedPacket.cs,0x12E,DISCOVERY_LEAD
SCAuctionSearchedPacket,S2C,0,0,False,True,AAEmu.Game/Core/Packets/G2C/SCAuctionSearchedPacket.cs,0x12F,DISCOVERY_LEAD
SCBlinkUnitPacket,S2C,0,0,False,True,AAEmu.Game/Core/Packets/G2C/SCBlinkUnitPacket.cs,0x073,DISCOVERY_LEAD
SCBlockedUsersPacket,S2C,0,0,False,True,AAEmu.Game/Core/Packets/G2C/SCBlockedUsersPacket.cs,0x054,DISCOVERY_LEAD
SCBondDoodadPacket,S2C,0,0,False,True,AAEmu.Game/Core/Packets/G2C/SCBondDoodadPacket.cs,0x139,DISCOVERY_LEAD
SCBotSuspectArrestedPacket,S2C,0,0,False,True,AAEmu.Game/Core/Packets/G2C/SCBotSuspectArrestedPacket.cs,0x185,DISCOVERY_LEAD
SCBotSuspectReportedPacket,S2C,0,0,False,True,AAEmu.Game/Core/Packets/G2C/SCBotSuspectReportedPacket.cs,0x184,DISCOVERY_LEAD
SCBountyListPacket,S2C,0,0,False,True,AAEmu.Game/Core/Packets/G2C/SCBountyListPacket.cs,0x1D9,DISCOVERY_LEAD
SCBuffLearnedPacket,S2C,0,0,False,True,AAEmu.Game/Core/Packets/G2C/SCBuffLearnedPacket.cs,0x107,DISCOVERY_LEAD
SCCanStartTradePacket,S2C,0,0,False,True,AAEmu.Game/Core/Packets/G2C/SCCanStartTradePacket.cs,0x15E,DISCOVERY_LEAD
SCCancelCharacterDeleteResponsePacket,S2C,0,0,False,True,AAEmu.Game/Core/Packets/G2C/SCCancelCharacterDeleteResponsePacket.cs,0x03C,DISCOVERY_LEAD
SCCannotStartTradePacket,S2C,0,0,False,True,AAEmu.Game/Core/Packets/G2C/SCCannotStartTradePacket.cs,0x15F,DISCOVERY_LEAD
SCChangeJuryOKCountPacket,S2C,0,0,False,True,AAEmu.Game/Core/Packets/G2C/SCChangeJuryOKCountPacket.cs,0x179,DISCOVERY_LEAD
SCChangeJuryVerdictCountPacket,S2C,0,0,False,True,AAEmu.Game/Core/Packets/G2C/SCChangeJuryVerdictCountPacket.cs,0x17A,DISCOVERY_LEAD
SCChangeTrialStatePacket,S2C,0,0,False,True,AAEmu.Game/Core/Packets/G2C/SCChangeTrialStatePacket.cs,0x178,DISCOVERY_LEAD
SCCharBriefPacket,S2C,0,0,False,True,AAEmu.Game/Core/Packets/G2C/SCCharBriefPacket.cs,0x058,DISCOVERY_LEAD
SCCharDetailPacket,S2C,0,0,False,True,AAEmu.Game/Core/Packets/G2C/SCCharDetailPacket.cs,0x053,DISCOVERY_LEAD
SCCharacterBoundPacket,S2C,0,0,False,True,AAEmu.Game/Core/Packets/G2C/SCCharacterBoundPacket.cs,0x049,DISCOVERY_LEAD
SCCharacterCreationFailedPacket,S2C,0,0,False,True,AAEmu.Game/Core/Packets/G2C/SCCharacterCreationFailedPacket.cs,0x03D,DISCOVERY_LEAD
SCCharacterDeletedPacket,S2C,0,0,False,True,AAEmu.Game/Core/Packets/G2C/SCCharacterDeletedPacket.cs,0x03B,DISCOVERY_LEAD
SCCharacterGamePointsPacket,S2C,0,0,False,True,AAEmu.Game/Core/Packets/G2C/SCCharacterGamePointsPacket.cs,0x188,DISCOVERY_LEAD
SCCharacterGenderAndModelModifiedPacket,S2C,0,0,False,True,AAEmu.Game/Core/Packets/G2C/SCCharacterGenderAndModelModifiedPacket.cs,0x1F3,DISCOVERY_LEAD
SCCharacterInvenContentsPacket,S2C,0,0,False,True,AAEmu.Game/Core/Packets/G2C/SCCharacterInvenContentsPacket.cs,0x04C,DISCOVERY_LEAD
SCCharacterInvenInitPacket,S2C,0,0,False,True,AAEmu.Game/Core/Packets/G2C/SCCharacterInvenInitPacket.cs,0x04B,DISCOVERY_LEAD
SCCharacterListPacket,S2C,0,0,False,True,AAEmu.Game/Core/Packets/G2C/SCCharacterListPacket.cs,0x03E,DISCOVERY_LEAD
SCCharacterPortalsPacket,S2C,0,0,False,True,AAEmu.Game/Core/Packets/G2C/SCCharacterPortalsPacket.cs,0x05B,DISCOVERY_LEAD
SCCharacterRenamedPacket,S2C,0,0,False,True,AAEmu.Game/Core/Packets/G2C/SCCharacterRenamedPacket.cs,0x05A,DISCOVERY_LEAD
SCCharacterResurrectedPacket,S2C,0,0,False,True,AAEmu.Game/Core/Packets/G2C/SCCharacterResurrectedPacket.cs,0x042,DISCOVERY_LEAD
SCCharacterReturnDistrictsPacket,S2C,0,0,False,True,AAEmu.Game/Core/Packets/G2C/SCCharacterReturnDistrictsPacket.cs,0x05C,DISCOVERY_LEAD
SCCharacterStatePacket,S2C,0,0,False,True,AAEmu.Game/Core/Packets/G2C/SCCharacterStatePacket.cs,0x040,DISCOVERY_LEAD
SCChargeMoneyPaidPacket,S2C,0,0,False,True,AAEmu.Game/Core/Packets/G2C/SCChargeMoneyPaidPacket.cs,0x11E,DISCOVERY_LEAD
SCChatSpamDelayPacket,S2C,0,0,False,True,AAEmu.Game/Core/Packets/G2C/SCChatSpamDelayPacket.cs,0x0D3,DISCOVERY_LEAD
SCCofferContentsUpdatePacket,S2C,0,0,False,True,AAEmu.Game/Core/Packets/G2C/SCCofferContentsUpdatePacket.cs,0x096,DISCOVERY_LEAD
SCCombatEngagedPacket,S2C,0,0,False,True,AAEmu.Game/Core/Packets/G2C/SCCombatEngagedPacket.cs,0x085,DISCOVERY_LEAD
SCCombatTextPacket,S2C,0,0,False,True,AAEmu.Game/Core/Packets/G2C/SCCombatTextPacket.cs,0x0AB,DISCOVERY_LEAD
SCCompletedQuestsPacket,S2C,0,0,False,True,AAEmu.Game/Core/Packets/G2C/SCCompletedQuestsPacket.cs,0x0F3,DISCOVERY_LEAD
SCConflictZoneHonorPointSumPacket,S2C,0,0,False,True,AAEmu.Game/Core/Packets/G2C/SCConflictZoneHonorPointSumPacket.cs,0x0EF,DISCOVERY_LEAD
SCConflictZoneStatePacket,S2C,0,0,False,True,AAEmu.Game/Core/Packets/G2C/SCConflictZoneStatePacket.cs,0x0EE,DISCOVERY_LEAD
SCConstructHouseTaxPacket,S2C,0,0,False,True,AAEmu.Game/Core/Packets/G2C/SCConstructHouseTaxPacket.cs,0x0C5,DISCOVERY_LEAD
SCCooldownsPacket,S2C,0,0,False,True,AAEmu.Game/Core/Packets/G2C/SCCoolDownPacket.cs,0x04A,DISCOVERY_LEAD
SCCountUnreadMailPacket,S2C,0,0,False,True,AAEmu.Game/Core/Packets/G2C/SCCountUnreadMailPacket.cs,0x116,DISCOVERY_LEAD
SCCraftFailedPacket,S2C,0,0,False,True,AAEmu.Game/Core/Packets/G2C/SCCraftFailedPacket.cs,0x1BF,DISCOVERY_LEAD
SCCreateCharacterResponsePacket,S2C,0,0,False,True,AAEmu.Game/Core/Packets/G2C/SCCreateCharacterResponsePacket.cs,0x038,DISCOVERY_LEAD
SCCrimeChangedPacket,S2C,0,0,False,True,AAEmu.Game/Core/Packets/G2C/SCCrimeChangedPacket.cs,0x16F,DISCOVERY_LEAD
SCCrimeDataPacket,S2C,0,0,False,True,AAEmu.Game/Core/Packets/G2C/SCCrimeDataPacket.cs,0x176,DISCOVERY_LEAD
SCCrimeRecordsPacket,S2C,0,0,False,True,AAEmu.Game/Core/Packets/G2C/SCCrimeRecordsPacket.cs,0x177,DISCOVERY_LEAD
SCCriminalArrestedPacket,S2C,0,0,False,True,AAEmu.Game/Core/Packets/G2C/SCCriminalArrestedPacket.cs,0x170,DISCOVERY_LEAD
SCCvFCombatRelationshipPacket,S2C,0,0,False,True,AAEmu.Game/Core/Packets/G2C/SCCvFCombatRelationshipPacket.cs,0x087,DISCOVERY_LEAD
SCDeleteBlockedUserPacket,S2C,0,0,False,True,AAEmu.Game/Core/Packets/G2C/SCDeleteBlockedUserPacket.cs,0x056,DISCOVERY_LEAD
SCDeleteCharacterResponsePacket,S2C,0,0,False,True,AAEmu.Game/Core/Packets/G2C/SCDeleteCharacterResponsePacket.cs,0x039,DISCOVERY_LEAD
SCDeleteFriendPacket,S2C,0,0,False,True,AAEmu.Game/Core/Packets/G2C/SCDeleteFriendPacket.cs,0x051,DISCOVERY_LEAD
SCDetailedTimeOfDayPacket,S2C,0,0,False,True,AAEmu.Game/Core/Packets/G2C/SCDetailedTimeOfDayPacket.cs,0x0F1,DISCOVERY_LEAD
SCDiceValuePacket,S2C,0,0,False,True,AAEmu.Game/Core/Packets/G2C/SCDiceValuePacket.cs,0x134,DISCOVERY_LEAD
SCDominionDataPacket,S2C,0,0,False,True,AAEmu.Game/Core/Packets/G2C/SCDominionDataPacket.cs,0x01D,DISCOVERY_LEAD
SCDominionDeletedPacket,S2C,0,0,False,True,AAEmu.Game/Core/Packets/G2C/SCDominionDeletedPacket.cs,0x01E,DISCOVERY_LEAD
SCDominionOwnerChangedPacket,S2C,0,0,False,True,AAEmu.Game/Core/Packets/G2C/SCDominionOwnerChangedPacket.cs,0x01F,DISCOVERY_LEAD
SCDominionTaxBalancedPacket,S2C,0,0,False,True,AAEmu.Game/Core/Packets/G2C/SCDominionTaxBalancedPacket.cs,0x023,DISCOVERY_LEAD
SCDominionTaxRatePacket,S2C,0,0,False,True,AAEmu.Game/Core/Packets/G2C/SCDominionTaxRatePacket.cs,0x020,DISCOVERY_LEAD
SCDoodadChangedPacket,S2C,0,0,False,True,AAEmu.Game/Core/Packets/G2C/SCDoodadChangedPacket.cs,0x10E,DISCOVERY_LEAD
SCDoodadOriginatorPacket,S2C,0,0,False,True,AAEmu.Game/Core/Packets/G2C/SCDoodadOriginatorPacket.cs,0x114,DISCOVERY_LEAD
SCDoodadQuestAcceptPacket,S2C,0,0,False,True,AAEmu.Game/Core/Packets/G2C/SCDoodadQuestAcceptPacket.cs,0x111,DISCOVERY_LEAD
SCDoodadSoundPacket,S2C,0,0,False,True,AAEmu.Game/Core/Packets/G2C/SCDoodadSoundPacket.cs,0x156,DISCOVERY_LEAD
SCDuelChallengedPacket,S2C,0,0,False,True,AAEmu.Game/Core/Packets/G2C/SCDuelChallengedPacket.cs,0x08B,DISCOVERY_LEAD
SCDuelEndedPacket,S2C,0,0,False,True,AAEmu.Game/Core/Packets/G2C/SCDuelEndedPacket.cs,0x08E,DISCOVERY_LEAD
SCDuelStartCountdownPacket,S2C,0,0,False,True,AAEmu.Game/Core/Packets/G2C/SCDuelStartCountdownPacket.cs,0x08C,DISCOVERY_LEAD
SCDuelStartedPacket,S2C,0,0,False,True,AAEmu.Game/Core/Packets/G2C/SCDuelStartedPacket.cs,0x08D,DISCOVERY_LEAD
SCDuelStatePacket,S2C,0,0,False,True,AAEmu.Game/Core/Packets/G2C/SCDuelStatePacket.cs,0x08F,DISCOVERY_LEAD
SCEmotionExpressedPacket,S2C,0,0,False,True,AAEmu.Game/Core/Packets/G2C/SCEmotionExpressedPacket.cs,0x12B,DISCOVERY_LEAD
SCEnvDamagePacket,S2C,0,0,False,True,AAEmu.Game/Core/Packets/G2C/SCEnvDamagePacket.cs,0x0B3,DISCOVERY_LEAD
SCEscapeSlavePacket,S2C,0,0,False,True,AAEmu.Game/Core/Packets/G2C/SCEscapeSlavePacket.cs,0x067,DISCOVERY_LEAD
SCExpeditionDismissedPacket,S2C,0,0,False,True,AAEmu.Game/Core/Packets/G2C/SCExpeditionDismissedPacket.cs,0x015,DISCOVERY_LEAD
SCExpeditionInvitationPacket,S2C,0,0,False,True,AAEmu.Game/Core/Packets/G2C/SCExpeditionInvitationPacket.cs,0x01A,DISCOVERY_LEAD
SCExpeditionMemberListPacket,S2C,0,0,False,True,AAEmu.Game/Core/Packets/G2C/SCExpeditionMemberListPacket.cs,0x016,DISCOVERY_LEAD
SCExpeditionMemberStatusChangedPacket,S2C,0,0,False,True,AAEmu.Game/Core/Packets/G2C/SCExpeditionMemberStatusChangedPacket.cs,0x017,DISCOVERY_LEAD
SCExpeditionOwnerChangedPacket,S2C,0,0,False,True,AAEmu.Game/Core/Packets/G2C/SCExpeditionOwnerChangedPacket.cs,0x00E,DISCOVERY_LEAD
SCExpeditionRoleChangedPacket,S2C,0,0,False,True,AAEmu.Game/Core/Packets/G2C/SCExpeditionRoleChangedPacket.cs,0x00D,DISCOVERY_LEAD
SCExpeditionRolePolicyChangedPacket,S2C,0,0,False,True,AAEmu.Game/Core/Packets/G2C/SCExpeditionRolePolicyChangedPacket.cs,0x00C,DISCOVERY_LEAD
SCExpeditionRolePolicyListPacket,S2C,0,0,False,True,AAEmu.Game/Core/Packets/G2C/SCExpeditionRolePolicyListPacket.cs,0x00B,DISCOVERY_LEAD
SCExpeditionShowRenameUIPacket,S2C,0,0,False,True,AAEmu.Game/Core/Packets/G2C/SCExpeditionShowRenameUIPacket.cs,0x00F,DISCOVERY_LEAD
SCExpeditionSponsorChangedPacket,S2C,0,0,False,True,AAEmu.Game/Core/Packets/G2C/SCExpeditionSponsorChangedPacket.cs,0x014,DISCOVERY_LEAD
SCExpertExpandedPacket,S2C,0,0,False,True,AAEmu.Game/Core/Packets/G2C/SCExpertExpandedPacket.cs,0x1C1,DISCOVERY_LEAD
SCExpertLimitModifiedPacket,S2C,0,0,False,True,AAEmu.Game/Core/Packets/G2C/SCExpertLimitModifiedPacket.cs,0x1C0,DISCOVERY_LEAD
SCFactionCreatedPacket,S2C,0,0,False,True,AAEmu.Game/Core/Packets/G2C/SCFactionCreatedPacket.cs,0x013,DISCOVERY_LEAD
SCFactionDeclareHostileResultPacket,S2C,0,0,False,True,AAEmu.Game/Core/Packets/G2C/SCFactionDeclareHostileResultPacket.cs,0x02B,DISCOVERY_LEAD
SCFactionImmigrateInvitePacket,S2C,0,0,False,True,AAEmu.Game/Core/Packets/G2C/SCFactionImmigrateInvitePacket.cs,0x027,DISCOVERY_LEAD
SCFactionImmigrateInviteResultPacket,S2C,0,0,False,True,AAEmu.Game/Core/Packets/G2C/SCFactionImmigrateInviteResultPacket.cs,0x028,DISCOVERY_LEAD
SCFactionImmigrateToOriginResultPacket,S2C,0,0,False,True,AAEmu.Game/Core/Packets/G2C/SCFactionImmigrateToOriginResultPacket.cs,0x029,DISCOVERY_LEAD
SCFactionIndependencePacket,S2C,0,0,False,True,AAEmu.Game/Core/Packets/G2C/SCFactionIndependencePacket.cs,0x026,DISCOVERY_LEAD
SCFactionKickToOriginResultPacket,S2C,0,0,False,True,AAEmu.Game/Core/Packets/G2C/SCFactionKickToOriginResultPacket.cs,0x02A,DISCOVERY_LEAD
SCFactionListPacket,S2C,0,0,False,True,AAEmu.Game/Core/Packets/G2C/SCFactionListPacket.cs,0x008,DISCOVERY_LEAD
SCFactionOwnerChangedPacket,S2C,0,0,False,True,AAEmu.Game/Core/Packets/G2C/SCFactionOwnerChangedPacket.cs,0x018,DISCOVERY_LEAD
SCFactionRelationExpiredPacket,S2C,0,0,False,True,AAEmu.Game/Core/Packets/G2C/SCFactionRelationExpiredPacket.cs,0x02C,DISCOVERY_LEAD
SCFactionRelationListPacket,S2C,0,0,False,True,AAEmu.Game/Core/Packets/G2C/SCFactionRelationListPacket.cs,0x009,DISCOVERY_LEAD
SCFactionRenamedPacket,S2C,0,0,False,True,AAEmu.Game/Core/Packets/G2C/SCFactionRenamedPacket.cs,0x011,DISCOVERY_LEAD
SCFactionRetryRenamePacket,S2C,0,0,False,True,AAEmu.Game/Core/Packets/G2C/SCFactionRetryRenamePacket.cs,0x012,DISCOVERY_LEAD
SCFactionSetRelationStatePacket,S2C,0,0,False,True,AAEmu.Game/Core/Packets/G2C/SCFactionSetRelationStatePacket.cs,0x019,DISCOVERY_LEAD
SCFamilyCreatedPacket,S2C,0,0,False,True,AAEmu.Game/Core/Packets/G2C/SCFamilyCreatedPacket.cs,0x02E,DISCOVERY_LEAD
SCFamilyDescPacket,S2C,0,0,False,True,AAEmu.Game/Core/Packets/G2C/SCFamilyDescPacket.cs,0x030,DISCOVERY_LEAD
SCFamilyInvitationPacket,S2C,0,0,False,True,AAEmu.Game/Core/Packets/G2C/SCFamilyInvitationPacket.cs,0x02D,DISCOVERY_LEAD
SCFamilyMemberAddedPacket,S2C,0,0,False,True,AAEmu.Game/Core/Packets/G2C/SCFamilyMemberAddedPacket.cs,0x031,DISCOVERY_LEAD
SCFamilyMemberNameChangedPacket,S2C,0,0,False,True,AAEmu.Game/Core/Packets/G2C/SCFamilyMemberNameChangedPacket.cs,0x035,DISCOVERY_LEAD
SCFamilyMemberOnlinePacket,S2C,0,0,False,True,AAEmu.Game/Core/Packets/G2C/SCFamilyMemberOnlinePacket.cs,0x037,DISCOVERY_LEAD
SCFamilyMemberRemovedPacket,S2C,0,0,False,True,AAEmu.Game/Core/Packets/G2C/SCFamilyMemberRemovedPacket.cs,0x032,DISCOVERY_LEAD
SCFamilyOwnerChangedPacket,S2C,0,0,False,True,AAEmu.Game/Core/Packets/G2C/SCFamilyOwnerChangedPacket.cs,0x033,DISCOVERY_LEAD
SCFamilyRemovedPacket,S2C,0,0,False,True,AAEmu.Game/Core/Packets/G2C/SCFamilyRemovedPacket.cs,0x02F,DISCOVERY_LEAD
SCFamilyTitleChangedPacket,S2C,0,0,False,True,AAEmu.Game/Core/Packets/G2C/SCFamilyTitleChangedPacket.cs,0x034,DISCOVERY_LEAD
SCFamilyTitlePacket,S2C,0,0,False,True,AAEmu.Game/Core/Packets/G2C/SCFamilyTitlePacket.cs,0x036,DISCOVERY_LEAD
SCForceAttackSetPacket,S2C,0,0,False,True,AAEmu.Game/Core/Packets/G2C/SCForceAttackSetPacket.cs,0x043,DISCOVERY_LEAD
SCFriendStatusChangedPacket,S2C,0,0,False,True,AAEmu.Game/Core/Packets/G2C/SCFriendStatusChangedPacket.cs,0x052,DISCOVERY_LEAD
SCFriendsPacket,S2C,0,0,False,True,AAEmu.Game/Core/Packets/G2C/SCFriendsPacket.cs,0x04E,DISCOVERY_LEAD
SCFvFCombatRelationshipPacket,S2C,0,0,False,True,AAEmu.Game/Core/Packets/G2C/SCFvFCombatRelationshipPacket.cs,0x088,DISCOVERY_LEAD
SCGetSlotCountPacket,S2C,0,0,False,True,AAEmu.Game/Core/Packets/G2C/SCGetSlotCountPacket.cs,0x1E2,DISCOVERY_LEAD
SCGimmickJointsBrokenPacket,S2C,0,0,False,True,AAEmu.Game/Core/Packets/G2C/SCGimmickJointsBrokenPacket.cs,0x13F,DISCOVERY_LEAD
SCGimmickMovementPacket,S2C,0,0,False,True,AAEmu.Game/Core/Packets/G2C/SCGimmickMovementPacket.cs,0x13E,DISCOVERY_LEAD
SCGimmicksCreatedPacket,S2C,0,0,False,True,AAEmu.Game/Core/Packets/G2C/SCGimmicksCreatedPacket.cs,0x13C,DISCOVERY_LEAD
SCGimmicksRemovedPacket,S2C,0,0,False,True,AAEmu.Game/Core/Packets/G2C/SCGimmicksRemovedPacket.cs,0x13D,DISCOVERY_LEAD
SCGradeEnchantBroadcastPacket,S2C,0,0,False,True,AAEmu.Game/Core/Packets/G2C/SCGradeEnchantBroadcastPacket.cs,0x09F,DISCOVERY_LEAD
SCGradeEnchantResultPacket,S2C,0,0,False,True,AAEmu.Game/Core/Packets/G2C/SCGradeEnchantResultPacket.cs,0x09C,DISCOVERY_LEAD
SCHackGuardRetAddrsRequestPacket,S2C,0,0,False,True,AAEmu.Game/Core/Packets/G2C/SCHackGuardRetAddrsRequestPacket.cs,0x1C6,DISCOVERY_LEAD
SCHouseBuildPayChangedPacket,S2C,0,0,False,True,AAEmu.Game/Core/Packets/G2C/SCHouseBuildPayChangedPacket.cs,0x0BF,DISCOVERY_LEAD
SCHouseBuildProgressPacket,S2C,0,0,False,True,AAEmu.Game/Core/Packets/G2C/SCHouseBuildProgressPacket.cs,0x0BD,DISCOVERY_LEAD
SCHouseDemolishedPacket,S2C,0,0,False,True,AAEmu.Game/Core/Packets/G2C/SCHouseDemolishedPacket.cs,0x0C0,DISCOVERY_LEAD
SCHouseFarmPacket,S2C,0,0,False,True,AAEmu.Game/Core/Packets/G2C/SCHouseFarmPacket.cs,0x0C3,DISCOVERY_LEAD
SCHouseOwnerNameChangedPacket,S2C,0,0,False,True,AAEmu.Game/Core/Packets/G2C/SCHouseOwnerNameChangedPacket.cs,0x0CB,DISCOVERY_LEAD
SCHousePermissionChangedPacket,S2C,0,0,False,True,AAEmu.Game/Core/Packets/G2C/SCHousePermissionChangedPacket.cs,0x0BE,DISCOVERY_LEAD
SCHouseResetForSalePacket,S2C,0,0,False,True,AAEmu.Game/Core/Packets/G2C/SCHouseResetForSalePacket.cs,0x0C9,DISCOVERY_LEAD
SCHouseSetForSalePacket,S2C,0,0,False,True,AAEmu.Game/Core/Packets/G2C/SCHouseSetForSalePacket.cs,0x0C8,DISCOVERY_LEAD
SCHouseSoldPacket,S2C,0,0,False,True,AAEmu.Game/Core/Packets/G2C/SCHouseSoldPacket.cs,0x0CA,DISCOVERY_LEAD
SCHouseStatePacket,S2C,0,0,False,True,AAEmu.Game/Core/Packets/G2C/SCHouseStatePacket.cs,0x0BC,DISCOVERY_LEAD
SCHouseTaxInfoPacket,S2C,0,0,False,True,AAEmu.Game/Core/Packets/G2C/SCHouseTaxInfoPacket.cs,0x0C4,DISCOVERY_LEAD
SCHousingRecoverTogglePacket,S2C,0,0,False,True,AAEmu.Game/Core/Packets/G2C/SCHousingRecoverTogglePacket.cs,0x0C6,DISCOVERY_LEAD
SCHungPacket,S2C,0,0,False,True,AAEmu.Game/Core/Packets/G2C/SCHungPacket.cs,0x137,DISCOVERY_LEAD
SCICSBuyResultPacket,S2C,0,0,False,True,AAEmu.Game/Core/Packets/G2C/SCICSBuyResultPacket.cs,0x1D3,DISCOVERY_LEAD
SCICSCheckTimePacket,S2C,0,0,False,True,AAEmu.Game/Core/Packets/G2C/SCICSCheckTimePacket.cs,0x1D2,DISCOVERY_LEAD
SCICSExchangeRatioPacket,S2C,0,0,False,True,AAEmu.Game/Core/Packets/G2C/SCICSExchangeRatioPacket.cs,0x1D7,DISCOVERY_LEAD
SCICSGoodDetailPacket,S2C,0,0,False,True,AAEmu.Game/Core/Packets/G2C/SCICSGoodDetailPacket.cs,0x1D1,DISCOVERY_LEAD
SCICSGoodListPacket,S2C,0,0,False,True,AAEmu.Game/Core/Packets/G2C/SCICSGoodListPacket.cs,0x1D0,DISCOVERY_LEAD
SCICSMenuListPacket,S2C,0,0,False,True,AAEmu.Game/Core/Packets/G2C/SCICSMenuListPacket.cs,0x1CF,DISCOVERY_LEAD
SCICSSyncGoodPacket,S2C,0,0,False,True,AAEmu.Game/Core/Packets/G2C/SCICSSyncGoodPacket.cs,0x1D4,DISCOVERY_LEAD
SCIdleKickPacket,S2C,0,0,False,True,AAEmu.Game/Core/Packets/G2C/SCIdleKickPacket.cs,0x216,DISCOVERY_LEAD
SCInitialConfigPacket,S2C,0,0,False,True,AAEmu.Game/Core/Packets/G2C/SCInitialConfigPacket.cs,0x006,DISCOVERY_LEAD
SCInstantGameAddPointPacket,S2C,0,0,False,True,AAEmu.Game/Core/Packets/G2C/SCInstantGameAddPointPacket.cs,0x193,DISCOVERY_LEAD
SCInstantGameEndPacket,S2C,0,0,False,True,AAEmu.Game/Core/Packets/G2C/SCInstantGameEndPacket.cs,0x192,DISCOVERY_LEAD
SCInstantGameJoinedPacket,S2C,0,0,False,True,AAEmu.Game/Core/Packets/G2C/SCInstantGameJoinedPacket.cs,0x190,DISCOVERY_LEAD
SCInstantGameKillPacket,S2C,0,0,False,True,AAEmu.Game/Core/Packets/G2C/SCInstantGameKillPacket.cs,0x194,DISCOVERY_LEAD
SCInstantGameKillstreakPacket,S2C,0,0,False,True,AAEmu.Game/Core/Packets/G2C/SCInstantGameKillstreakPacket.cs,0x195,DISCOVERY_LEAD
SCInstantGameRemainTimePacket,S2C,0,0,False,True,AAEmu.Game/Core/Packets/G2C/SCInstantGameRemainTimePacket.cs,0x196,DISCOVERY_LEAD
SCInstantGameStartPacket,S2C,0,0,False,True,AAEmu.Game/Core/Packets/G2C/SCInstantGameStartPacket.cs,0x191,DISCOVERY_LEAD
SCInvenExpandedPacket,S2C,0,0,False,True,AAEmu.Game/Core/Packets/G2C/SCInvenExpandedPacket.cs,0x04D,DISCOVERY_LEAD
SCInviteJuryPacket,S2C,0,0,False,True,AAEmu.Game/Core/Packets/G2C/SCInviteJuryPacket.cs,0x172,DISCOVERY_LEAD
SCInviteToInstantGamePacket,S2C,0,0,False,True,AAEmu.Game/Core/Packets/G2C/SCInviteToInstantGamePacket.cs,0x18E,DISCOVERY_LEAD
SCItemSocketingLunagemResultPacket,S2C,0,0,False,True,AAEmu.Game/Core/Packets/G2C/SCItemSocketingLunagemResultPacket.cs,0x09D,DISCOVERY_LEAD
SCItemSocketingLunastoneResultPacket,S2C,0,0,False,True,AAEmu.Game/Core/Packets/G2C/SCItemSocketingLunastoneResultPacket.cs,0x09E,DISCOVERY_LEAD
SCItemUccDataChangedPacket,S2C,0,0,False,True,AAEmu.Game/Core/Packets/G2C/SCItemUccDataChangedPacket.cs,0x15D,DISCOVERY_LEAD
SCJoinedChatChannelPacket,S2C,0,0,False,True,AAEmu.Game/Core/Packets/G2C/SCJoinedChatChannelPacket.cs,0x0CC,DISCOVERY_LEAD
SCJoinedTeamPacket,S2C,0,0,False,True,AAEmu.Game/Core/Packets/G2C/SCJoinedTeamPacket.cs,0x0D6,DISCOVERY_LEAD
SCJuryBeSeatedPacket,S2C,0,0,False,True,AAEmu.Game/Core/Packets/G2C/SCJuryBeSeatedPacket.cs,0x174,DISCOVERY_LEAD
SCJuryPointChangedPacket,S2C,0,0,False,True,AAEmu.Game/Core/Packets/G2C/SCJuryPointChangedPacket.cs,0x18A,DISCOVERY_LEAD
SCJuryWaitStatusPacket,S2C,0,0,False,True,AAEmu.Game/Core/Packets/G2C/SCJuryWaitStatusPacket.cs,0x17C,DISCOVERY_LEAD
SCJuryWaitingNumberPacket,S2C,0,0,False,True,AAEmu.Game/Core/Packets/G2C/SCJuryWaitingNumberPacket.cs,0x182,DISCOVERY_LEAD
SCKickedPacket,S2C,0,0,False,True,AAEmu.Game/Core/Packets/G2C/SCKickedPacket.cs,0x1A0,DISCOVERY_LEAD
SCKnockBackUnitPacket,S2C,0,0,False,True,AAEmu.Game/Core/Packets/G2C/SCKnockBackUnitPacket.cs,0x074,DISCOVERY_LEAD
SCLeaveWorldCanceledPacket,S2C,0,0,False,True,AAEmu.Game/Core/Packets/G2C/SCLeaveWorldCanceledPacket.cs,0x004,DISCOVERY_LEAD
SCLeaveWorldGrantedPacket,S2C,0,0,False,True,AAEmu.Game/Core/Packets/G2C/SCLeaveWorldGrantedPacket.cs,0x003,DISCOVERY_LEAD
SCLeavedChatChannelPacket,S2C,0,0,False,True,AAEmu.Game/Core/Packets/G2C/SCLeavedChatChannelPacket.cs,0x0CD,DISCOVERY_LEAD
SCLeavedTeamPacket,S2C,0,0,False,True,AAEmu.Game/Core/Packets/G2C/SCLeavedTeamPacket.cs,0x0D8,DISCOVERY_LEAD
SCLevelChangedPacket,S2C,0,0,False,True,AAEmu.Game/Core/Packets/G2C/SCLevelChangedPacket.cs,0x102,DISCOVERY_LEAD
SCLevelRestrictionConfigPacket,S2C,0,0,False,True,AAEmu.Game/Core/Packets/G2C/SCLevelRestrictionConfigPacket.cs,0x217,DISCOVERY_LEAD
SCLoadInstancePacket,S2C,0,0,False,True,AAEmu.Game/Core/Packets/G2C/SCLoadInstancePacket.cs,0x197,DISCOVERY_LEAD
SCLootBagDataPacket,S2C,0,0,False,True,AAEmu.Game/Core/Packets/G2C/SCLootBagDataPacket.cs,0x0F8,DISCOVERY_LEAD
SCLootDiceNotifyPacket,S2C,0,0,False,True,AAEmu.Game/Core/Packets/G2C/SCLootDiceNotifyPacket.cs,0x0FC,DISCOVERY_LEAD
SCLootDicePacket,S2C,0,0,False,True,AAEmu.Game/Core/Packets/G2C/SCLootDicePacket.cs,0x0FB,DISCOVERY_LEAD
SCLootDiceSummaryPacket,S2C,0,0,False,True,AAEmu.Game/Core/Packets/G2C/SCLootDiceSummaryPacket.cs,0x0FD,DISCOVERY_LEAD
SCLootItemFailedPacket,S2C,0,0,False,True,AAEmu.Game/Core/Packets/G2C/SCLootItemFailedPacket.cs,0x0FA,DISCOVERY_LEAD
SCLootItemTookPacket,S2C,0,0,False,True,AAEmu.Game/Core/Packets/G2C/SCLootItemTookPacket.cs,0x0F9,DISCOVERY_LEAD
SCLootableStatePacket,S2C,0,0,False,True,AAEmu.Game/Core/Packets/G2C/SCLootableStatePacket.cs,0x0F6,DISCOVERY_LEAD
SCLpManagedPacket,S2C,0,0,False,True,AAEmu.Game/Core/Packets/G2C/SCLpManagedPacket.cs,0x048,DISCOVERY_LEAD
SCMailBodyPacket,S2C,0,0,False,True,AAEmu.Game/Core/Packets/G2C/SCMailBodyPacket.cs,0x11B,DISCOVERY_LEAD
SCMailDeletedPacket,S2C,0,0,False,True,AAEmu.Game/Core/Packets/G2C/SCMailDeletedPacket.cs,0x11F,DISCOVERY_LEAD
SCMailFailedPacket,S2C,0,0,False,True,AAEmu.Game/Core/Packets/G2C/SCMailFailedPacket.cs,0x115,DISCOVERY_LEAD
SCMailListEndPacket,S2C,0,0,False,True,AAEmu.Game/Core/Packets/G2C/SCMailListEndPacket.cs,0x11A,DISCOVERY_LEAD
SCMailListPacket,S2C,0,0,False,True,AAEmu.Game/Core/Packets/G2C/SCMailListPacket.cs,0x119,DISCOVERY_LEAD
SCMailReceiverOpenedPacket,S2C,0,0,False,True,AAEmu.Game/Core/Packets/G2C/SCMailReceiverOpenedPacket.cs,0x11C,DISCOVERY_LEAD
SCMailRemovedPacket,S2C,0,0,False,True,AAEmu.Game/Core/Packets/G2C/SCMailRemovedPacket.cs,0x123,DISCOVERY_LEAD
SCMailReturnedPacket,S2C,0,0,False,True,AAEmu.Game/Core/Packets/G2C/SCMailReturnedPacket.cs,0x121,DISCOVERY_LEAD
SCMailSentPacket,S2C,0,0,False,True,AAEmu.Game/Core/Packets/G2C/SCMailSentPacket.cs,0x117,DISCOVERY_LEAD
SCMailStatusUpdatedPacket,S2C,0,0,False,True,AAEmu.Game/Core/Packets/G2C/SCMailStatusUpdatedPacket.cs,0x122,DISCOVERY_LEAD
SCMateEquipmentChangedPacket,S2C,0,0,False,True,AAEmu.Game/Core/Packets/G2C/SCMateEquipmentChangedPacket.cs,0x126,DISCOVERY_LEAD
SCMileageChangedPacket,S2C,0,0,False,True,AAEmu.Game/Core/Packets/G2C/SCMileageChangedPacket.cs,0x101,DISCOVERY_LEAD
SCMineAmountPacket,S2C,0,0,False,True,AAEmu.Game/Core/Packets/G2C/SCMineAmountPacket.cs,0x124,DISCOVERY_LEAD
SCMyHousePacket,S2C,0,0,False,True,AAEmu.Game/Core/Packets/G2C/SCMyHousePacket.cs,0x0C1,DISCOVERY_LEAD
SCMyHouseRemovedPacket,S2C,0,0,False,True,AAEmu.Game/Core/Packets/G2C/SCMyHouseRemovedPacket.cs,0x0C2,DISCOVERY_LEAD
SCMySlavePacket,S2C,0,0,False,True,AAEmu.Game/Core/Packets/G2C/SCMySlavePacket.cs,0x066,DISCOVERY_LEAD
SCNationalMonumentChangedPacket,S2C,0,0,False,True,AAEmu.Game/Core/Packets/G2C/SCNationalMonumentChangedPacket.cs,0x022,DISCOVERY_LEAD
SCNationalTaxRatePacket,S2C,0,0,False,True,AAEmu.Game/Core/Packets/G2C/SCNationalTaxRatePacket.cs,0x021,DISCOVERY_LEAD
SCNaviTeleportPacket,S2C,0,0,False,True,AAEmu.Game/Core/Packets/G2C/SCNaviTeleportPacket.cs,0x15C,DISCOVERY_LEAD
SCNoticeMessagePacket,S2C,0,0,False,True,AAEmu.Game/Core/Packets/G2C/SCNoticeMessagePacket.cs,0x0D0,DISCOVERY_LEAD
SCNotifyResurrectionPacket,S2C,0,0,False,True,AAEmu.Game/Core/Packets/G2C/SCNotifyResurrectionPacket.cs,0x041,DISCOVERY_LEAD
SCOnOffSnowPacket,S2C,0,0,False,True,AAEmu.Game/Core/Packets/G2C/SCOnOffSnowPacket.cs,0x0B4,DISCOVERY_LEAD
SCOtherTradeItemPutupPacket,S2C,0,0,False,True,AAEmu.Game/Core/Packets/G2C/SCOtherTradeItemPutupPacket.cs,0x163,DISCOVERY_LEAD
SCOtherTradeItemTookdownPacket,S2C,0,0,False,True,AAEmu.Game/Core/Packets/G2C/SCOtherTradeItemTookdownPacket.cs,0x167,DISCOVERY_LEAD
SCOtherTradeMoneyPutupPacket,S2C,0,0,False,True,AAEmu.Game/Core/Packets/G2C/SCOtherTradeMoneyPutupPacket.cs,0x165,DISCOVERY_LEAD
SCOverHeadMarkerSetPacket,S2C,0,0,False,True,AAEmu.Game/Core/Packets/G2C/SCOverHeadMarkerSetPacket.cs,0x0E6,DISCOVERY_LEAD
SCPauseUserMusicPacket,S2C,0,0,False,True,AAEmu.Game/Core/Packets/G2C/SCPauseUserMusicPacket.cs,0x1E1,DISCOVERY_LEAD
SCPlaytimePacket,S2C,0,0,False,True,AAEmu.Game/Core/Packets/G2C/SCPlaytimePacket.cs,0x059,DISCOVERY_LEAD
SCPlotCastingStoppedPacket,S2C,0,0,False,True,AAEmu.Game/Core/Packets/G2C/SCPlotCastingStoppedPacket.cs,0x0B1,DISCOVERY_LEAD
SCPlotChannelingStoppedPacket,S2C,0,0,False,True,AAEmu.Game/Core/Packets/G2C/SCPlotChannelingStoppedPacket.cs,0x0B2,DISCOVERY_LEAD
SCPlotEventPacket,S2C,0,0,False,True,AAEmu.Game/Core/Packets/G2C/SCPlotEventPacket.cs,0x0AE,DISCOVERY_LEAD
SCPortalDeletedPacket,S2C,0,0,False,True,AAEmu.Game/Core/Packets/G2C/SCPortalDeletedPacket.cs,0x05E,DISCOVERY_LEAD
SCPortalInfoSavedPacket,S2C,0,0,False,True,AAEmu.Game/Core/Packets/G2C/SCPortalInfoSavedPacket.cs,0x05D,DISCOVERY_LEAD
SCPremiumPointChangedPacket,S2C,0,0,False,True,AAEmu.Game/Core/Packets/G2C/SCPremiumPointChangedPacket.cs,0x202,DISCOVERY_LEAD
SCPremiumServiceListPacket,S2C,0,0,False,True,AAEmu.Game/Core/Packets/G2C/SCPremiumServiceListPacket.cs,0x1D8,DISCOVERY_LEAD
SCPrepareLeaveWorldPacket,S2C,0,0,False,True,AAEmu.Game/Core/Packets/G2C/SCPrepareLeaveWorldPacket.cs,0x002,DISCOVERY_LEAD
SCProcessingInstancePacket,S2C,0,0,False,True,AAEmu.Game/Core/Packets/G2C/SCProcessingInstancePacket.cs,0x198,DISCOVERY_LEAD
SCQuestContextResetPacket,S2C,0,0,False,True,AAEmu.Game/Core/Packets/G2C/SCQuestContextResetPacket.cs,0x14C,DISCOVERY_LEAD
SCQuestRewardedByMailPacket,S2C,0,0,False,True,AAEmu.Game/Core/Packets/G2C/SCQuestRewardedByMailPacket.cs,0x14E,DISCOVERY_LEAD
SCQuestsPacket,S2C,0,0,False,True,AAEmu.Game/Core/Packets/G2C/SCQuestsPacket.cs,0x0F2,DISCOVERY_LEAD
SCRaceCongestionPacket,S2C,0,0,False,True,AAEmu.Game/Core/Packets/G2C/SCRaceCongestionPacket.cs,0x03F,DISCOVERY_LEAD
SCRankAlarmPacket,S2C,0,0,False,True,AAEmu.Game/Core/Packets/G2C/SCRankAlarmPacket.cs,0x205,DISCOVERY_LEAD
SCRawPacket,S2C,0,0,False,True,AAEmu.Game/Core/Packets/G2C/SCRawPacket.cs,,DISCOVERY_LEAD
SCReconnectAuthPacket,S2C,0,0,False,True,AAEmu.Game/Core/Packets/G2C/SCReconnectAuthPacket.cs,0x001,DISCOVERY_LEAD
SCRecoverableExpPacket,S2C,0,0,False,True,AAEmu.Game/Core/Packets/G2C/SCRecoverableExpPacket.cs,0x100,DISCOVERY_LEAD
SCRefreshInCharacterListPacket,S2C,0,0,False,True,AAEmu.Game/Core/Packets/G2C/SCRefreshInCharacterListPacket.cs,0x1CD,DISCOVERY_LEAD
SCRefreshTeamMemberPacket,S2C,0,0,False,True,AAEmu.Game/Core/Packets/G2C/SCRefreshTeamMemberPacket.cs,0x0E3,DISCOVERY_LEAD
SCRejectedTeamPacket,S2C,0,0,False,True,AAEmu.Game/Core/Packets/G2C/SCRejectedTeamPacket.cs,0x0D7,DISCOVERY_LEAD
SCResponseCommonFarmListPacket,S2C,0,0,False,True,AAEmu.Game/Core/Packets/G2C/SCResponseCommonFarmListPacket.cs,0x1B1,DISCOVERY_LEAD
SCResponseUIDataPacket,S2C,0,0,False,True,AAEmu.Game/Core/Packets/G2C/SCResponseUIDataPacket.cs,0x1CA,DISCOVERY_LEAD
SCResultRestrictCheckPacket,S2C,0,0,False,True,AAEmu.Game/Core/Packets/G2C/SCResultRestrictCheckPacket.cs,0x1CE,DISCOVERY_LEAD
SCRulingClosedPacket,S2C,0,0,False,True,AAEmu.Game/Core/Packets/G2C/SCRulingClosedPacket.cs,0x17E,DISCOVERY_LEAD
SCRulingStatusPacket,S2C,0,0,False,True,AAEmu.Game/Core/Packets/G2C/SCRulingStatusPacket.cs,0x17D,DISCOVERY_LEAD
SCScheduleItemUpdatePacket,S2C,0,0,False,True,AAEmu.Game/Core/Packets/G2C/SCScheduleItemUpdatePacket.cs,0x1EB,DISCOVERY_LEAD
SCSchoolOfFishDoodadsPacket,S2C,0,0,False,True,AAEmu.Game/Core/Packets/G2C/SCSchoolOfFishDoodadsPacket.cs,0x1B7,DISCOVERY_LEAD
SCSchoolOfFishFinderToggledPacket,S2C,0,0,False,True,AAEmu.Game/Core/Packets/G2C/SCSchoolOfFishFinderToggledPacket.cs,0x1B6,DISCOVERY_LEAD
SCSearchListPacket,S2C,0,0,False,True,AAEmu.Game/Core/Packets/G2C/SCSearchListPacket.cs,0x04F,DISCOVERY_LEAD
SCSendUserMusicPacket,S2C,0,0,False,True,AAEmu.Game/Core/Packets/G2C/SCSendUserMusicPacket.cs,0x1DF,DISCOVERY_LEAD
SCSetBreathPacket,S2C,0,0,False,True,AAEmu.Game/Core/Packets/G2C/SCSetBreathPacket.cs,0x1BC,DISCOVERY_LEAD
SCShipyardStatePacket,S2C,0,0,False,True,AAEmu.Game/Core/Packets/G2C/SCShipyardStatePacket.cs,0x1AA,DISCOVERY_LEAD
SCShowCommonFarmPacket,S2C,0,0,False,True,AAEmu.Game/Core/Packets/G2C/SCShowCommonFarmPacket.cs,0x1B0,DISCOVERY_LEAD
SCSiegeAlertPacket,S2C,0,0,False,True,AAEmu.Game/Core/Packets/G2C/SCSiegeAlertPacket.cs,0x0ED,DISCOVERY_LEAD
SCSkillControllerStatePacket,S2C,0,0,False,True,AAEmu.Game/Core/Packets/G2C/SCSkillControllerStatePacket.cs,0x06D,DISCOVERY_LEAD
SCSkillCooldownResetPacket,S2C,0,0,False,True,AAEmu.Game/Core/Packets/G2C/SCSkillCooldownResetPacket.cs,0x0AD,DISCOVERY_LEAD
SCSkillLearnedPacket,S2C,0,0,False,True,AAEmu.Game/Core/Packets/G2C/SCSkillLearnedPacket.cs,0x105,DISCOVERY_LEAD
SCSkillStoppedPacket,S2C,0,0,False,True,AAEmu.Game/Core/Packets/G2C/SCSkillStopped.cs,0x0A4,DISCOVERY_LEAD
SCSkillUpgradedPacket,S2C,0,0,False,True,AAEmu.Game/Core/Packets/G2C/SCSkillUpgradedPacket.cs,0x106,DISCOVERY_LEAD
SCSkillsResetPacket,S2C,0,0,False,True,AAEmu.Game/Core/Packets/G2C/SCSkillsResetPacket.cs,0x108,DISCOVERY_LEAD
SCSlaveBoundPacket,S2C,0,0,False,True,AAEmu.Game/Core/Packets/G2C/SCSlaveBoundPacket.cs,0x064,DISCOVERY_LEAD
SCSlaveCreatedPacket,S2C,0,0,False,True,AAEmu.Game/Core/Packets/G2C/SCSlaveCreatedPacket.cs,0x061,DISCOVERY_LEAD
SCSlaveDespawnPacket,S2C,0,0,False,True,AAEmu.Game/Core/Packets/G2C/SCSlaveDespawnPacket.cs,0x063,DISCOVERY_LEAD
SCSlaveEquipmentChangedPacket,S2C,0,0,False,True,AAEmu.Game/Core/Packets/G2C/SCSlaveEquipmentChangedPacket.cs,0x068,DISCOVERY_LEAD
SCSlaveRemovedPacket,S2C,0,0,False,True,AAEmu.Game/Core/Packets/G2C/SCSlaveRemovedPacket.cs,0x062,DISCOVERY_LEAD
SCSlaveStatePacket,S2C,0,0,False,True,AAEmu.Game/Core/Packets/G2C/SCSlaveStatePacket.cs,0x1AB,DISCOVERY_LEAD
SCSpamReportedPacket,S2C,0,0,False,True,AAEmu.Game/Core/Packets/G2C/SCSpamReportedPacket.cs,0x120,DISCOVERY_LEAD
SCSpecialtyCurrentPacket,S2C,0,0,False,True,AAEmu.Game/Core/Packets/G2C/SCSpecialtyCurrentPacket.cs,0x1F4,DISCOVERY_LEAD
SCSpecialtyRatioPacket,S2C,0,0,False,True,AAEmu.Game/Core/Packets/G2C/SCSpecialtyRatioPacket.cs,0x099,DISCOVERY_LEAD
SCSummonDefendantPacket,S2C,0,0,False,True,AAEmu.Game/Core/Packets/G2C/SCSummonDefendantPacket.cs,0x175,DISCOVERY_LEAD
SCSummonJuryPacket,S2C,0,0,False,True,AAEmu.Game/Core/Packets/G2C/SCSummonJuryPacket.cs,0x173,DISCOVERY_LEAD
SCSyncItemLifespanPacket,S2C,0,0,False,True,AAEmu.Game/Core/Packets/G2C/SCSyncItemLifespanPacket.cs,0x098,DISCOVERY_LEAD
SCTeamAckRiskyActionPacket,S2C,0,0,False,True,AAEmu.Game/Core/Packets/G2C/SCTeamAckRiskyActionPacket.cs,0x0E8,DISCOVERY_LEAD
SCTeamAreaInvitedPacket,S2C,0,0,False,True,AAEmu.Game/Core/Packets/G2C/SCTeamAreaInvitedPacket.cs,0x0E5,DISCOVERY_LEAD
SCTeamBecameRaidTeamPacket,S2C,0,0,False,True,AAEmu.Game/Core/Packets/G2C/SCTeamBecameRaidTeamPacket.cs,0x0DF,DISCOVERY_LEAD
SCTeamDismissedPacket,S2C,0,0,False,True,AAEmu.Game/Core/Packets/G2C/SCTeamDismissedPacket.cs,0x0D9,DISCOVERY_LEAD
SCTeamLootingRuleChangedPacket,S2C,0,0,False,True,AAEmu.Game/Core/Packets/G2C/SCTeamLootingRuleChangedPacket.cs,0x0E2,DISCOVERY_LEAD
SCTeamMemberDisconnectedPacket,S2C,0,0,False,True,AAEmu.Game/Core/Packets/G2C/SCTeamMemberDisconnectedPacket.cs,0x0DC,DISCOVERY_LEAD
SCTeamMemberJoinedPacket,S2C,0,0,False,True,AAEmu.Game/Core/Packets/G2C/SCTeamMemberJoinedPacket.cs,0x0DA,DISCOVERY_LEAD
SCTeamMemberLeavedPacket,S2C,0,0,False,True,AAEmu.Game/Core/Packets/G2C/SCTeamMemberLeavedPacket.cs,0x0DB,DISCOVERY_LEAD
SCTeamMemberMovedPacket,S2C,0,0,False,True,AAEmu.Game/Core/Packets/G2C/SCTeamMemberMovedPacket.cs,0x0E0,DISCOVERY_LEAD
SCTeamMemberRoleChangedPacket,S2C,0,0,False,True,AAEmu.Game/Core/Packets/G2C/SCTeamMemberRoleChangedPacket.cs,0x0DE,DISCOVERY_LEAD
SCTeamOwnerChangedPacket,S2C,0,0,False,True,AAEmu.Game/Core/Packets/G2C/SCTeamOwnerChangedPacket.cs,0x0DD,DISCOVERY_LEAD
SCTeamPingPosPacket,S2C,0,0,False,True,AAEmu.Game/Core/Packets/G2C/SCTeamPingPosPacket.cs,0x0E7,DISCOVERY_LEAD
SCTeamRemoteMembersExPacket,S2C,0,0,False,True,AAEmu.Game/Core/Packets/G2C/SCTeamRemoteMembersExPacket.cs,0x0E4,DISCOVERY_LEAD
SCTeleportUnitPacket,S2C,0,0,False,True,AAEmu.Game/Core/Packets/G2C/SCTeleportUnitPacket.cs,0x072,DISCOVERY_LEAD
SCTelescopeToggledPacket,S2C,0,0,False,True,AAEmu.Game/Core/Packets/G2C/SCTelescopeToggledPacket.cs,0x1B2,DISCOVERY_LEAD
SCTelescopeUnitsPacket,S2C,0,0,False,True,AAEmu.Game/Core/Packets/G2C/SCTelescopeUnitsPacket.cs,0x1B3,DISCOVERY_LEAD
SCToggleBeautyshopResponsePacket,S2C,0,0,False,True,AAEmu.Game/Core/Packets/G2C/SCToggleBeautyshopResponsePacket.cs,0x1F1,DISCOVERY_LEAD
SCTowerDefEndPacket,S2C,0,0,False,True,AAEmu.Game/Core/Packets/G2C/SCTowerDefEndPacket.cs,0x16D,DISCOVERY_LEAD
SCTowerDefListPacket,S2C,0,0,False,True,AAEmu.Game/Core/Packets/G2C/SCTowerDefListPacket.cs,0x16B,DISCOVERY_LEAD
SCTowerDefStartPacket,S2C,0,0,False,True,AAEmu.Game/Core/Packets/G2C/SCTowerDefStartPacket.cs,0x16C,DISCOVERY_LEAD
SCTowerDefWaveStartPacket,S2C,0,0,False,True,AAEmu.Game/Core/Packets/G2C/SCTowerDefWaveStartPacket.cs,0x16E,DISCOVERY_LEAD
SCTradeCanceledPacket,S2C,0,0,False,True,AAEmu.Game/Core/Packets/G2C/SCTradeCanceledPacket.cs,0x161,DISCOVERY_LEAD
SCTradeItemPutupPacket,S2C,0,0,False,True,AAEmu.Game/Core/Packets/G2C/SCTradeItemPutupPacket.cs,0x162,DISCOVERY_LEAD
SCTradeItemTookdownPacket,S2C,0,0,False,True,AAEmu.Game/Core/Packets/G2C/SCTradeItemTookdownPacket.cs,0x166,DISCOVERY_LEAD
SCTradeLockUpdatePacket,S2C,0,0,False,True,AAEmu.Game/Core/Packets/G2C/SCTradeLockUpdatePacket.cs,0x169,DISCOVERY_LEAD
SCTradeMadePacket,S2C,0,0,False,True,AAEmu.Game/Core/Packets/G2C/SCTradeMadePacket.cs,0x16A,DISCOVERY_LEAD
SCTradeMoneyPutupPacket,S2C,0,0,False,True,AAEmu.Game/Core/Packets/G2C/SCTradeMoneyPutupPacket.cs,0x164,DISCOVERY_LEAD
SCTradeOkUpdatePacket,S2C,0,0,False,True,AAEmu.Game/Core/Packets/G2C/SCTradeOkUpdatePacket.cs,0x168,DISCOVERY_LEAD
SCTradeStartedPacket,S2C,0,0,False,True,AAEmu.Game/Core/Packets/G2C/SCTradeStartedPacket.cs,0x160,DISCOVERY_LEAD
SCTransferTelescopeToggledPacket,S2C,0,0,False,True,AAEmu.Game/Core/Packets/G2C/SCTransferTelescopeToggledPacket.cs,0x1B4,DISCOVERY_LEAD
SCTransferTelescopeUnitsPacket,S2C,0,0,False,True,AAEmu.Game/Core/Packets/G2C/SCTransferTelescopeUnitsPacket.cs,0x1B5,DISCOVERY_LEAD
SCTrialAudienceJoinedPacket,S2C,0,0,False,True,AAEmu.Game/Core/Packets/G2C/SCTrialAudienceJoinedPacket.cs,0x17F,DISCOVERY_LEAD
SCTrialAudienceLeftPacket,S2C,0,0,False,True,AAEmu.Game/Core/Packets/G2C/SCTrialAudienceLeftPacket.cs,0x180,DISCOVERY_LEAD
SCTrialCanceledPacket,S2C,0,0,False,True,AAEmu.Game/Core/Packets/G2C/SCTrialCanceledPacket.cs,0x183,DISCOVERY_LEAD
SCTrialInfoPacket,S2C,0,0,False,True,AAEmu.Game/Core/Packets/G2C/SCTrialInfoPacket.cs,0x181,DISCOVERY_LEAD
SCTrialWaitStatusPacket,S2C,0,0,False,True,AAEmu.Game/Core/Packets/G2C/SCTrialWaitStatusPacket.cs,0x17B,DISCOVERY_LEAD
SCTrionConfigPacket,S2C,0,0,False,True,AAEmu.Game/Core/Packets/G2C/SCTrionConfigPacket.cs,0x007,DISCOVERY_LEAD
SCUnbondDoodadPacket,S2C,0,0,False,True,AAEmu.Game/Core/Packets/G2C/SCUnbondDoodadPacket.cs,0x13A,DISCOVERY_LEAD
SCUnderWaterPacket,S2C,0,0,False,True,AAEmu.Game/Core/Packets/G2C/SCUnderWaterPacket.cs,0x187,DISCOVERY_LEAD
SCUnhungPacket,S2C,0,0,False,True,AAEmu.Game/Core/Packets/G2C/SCUnhungPacket.cs,0x138,DISCOVERY_LEAD
SCUnitBountyMoneyPacket,S2C,0,0,False,True,AAEmu.Game/Core/Packets/G2C/SCUnitBountyMoneyPacket.cs,0x0BB,DISCOVERY_LEAD
SCUnitEquipmentsChangedPacket,S2C,0,0,False,True,AAEmu.Game/Core/Packets/G2C/SCUnitEquipmentsChangedPacket.cs,0x094,DISCOVERY_LEAD
SCUnitExpeditionChangedPacket,S2C,0,0,False,True,AAEmu.Game/Core/Packets/G2C/SCUnitExpeditionChangedPacket.cs,0x01C,DISCOVERY_LEAD
SCUnitFactionChangedPacket,S2C,0,0,False,True,AAEmu.Game/Core/Packets/G2C/SCUnitFactionChangedPacket.cs,0x01B,DISCOVERY_LEAD
SCUnitFlyingStateChangedPacket,S2C,0,0,False,True,AAEmu.Game/Core/Packets/G2C/SCUnitFlyingStateChangedPacket.cs,0x07A,DISCOVERY_LEAD
SCUnitGmModeChangedPacket,S2C,0,0,False,True,AAEmu.Game/Core/Packets/G2C/SCUnitGmModeChangedPacket.cs,0x203,DISCOVERY_LEAD
SCUnitIdleStatusPacket,S2C,0,0,False,True,AAEmu.Game/Core/Packets/G2C/SCUnitIdleStatusPacket.cs,0x1F5,DISCOVERY_LEAD
SCUnitImpulsePacket,S2C,0,0,False,True,AAEmu.Game/Core/Packets/G2C/SCUnitImpulsePacket.cs,0x079,DISCOVERY_LEAD
SCUnitInvisiblePacket,S2C,0,0,False,True,AAEmu.Game/Core/Packets/G2C/SCUnitInvisiblePacket.cs,0x078,DISCOVERY_LEAD
SCUnitLootingStatePacket,S2C,0,0,False,True,AAEmu.Game/Core/Packets/G2C/SCUnitLootingStatePacket.cs,0x0F7,DISCOVERY_LEAD
SCUnitMovementsPacket,S2C,0,0,False,True,AAEmu.Game/Core/Packets/G2C/SCUnitMovementsPacket.cs,0x06B,DISCOVERY_LEAD
SCUnitNameChangedPacket,S2C,0,0,False,True,AAEmu.Game/Core/Packets/G2C/SCUnitNameChangedPacket.cs,0x070,DISCOVERY_LEAD
SCUnitOfflinePacket,S2C,0,0,False,True,AAEmu.Game/Core/Packets/G2C/SCUnitOfflinePacket.cs,0x06E,DISCOVERY_LEAD
SCUnitPortalUsedPacket,S2C,0,0,False,True,AAEmu.Game/Core/Packets/G2C/SCUnitPortalUsedPacket.cs,0x060,DISCOVERY_LEAD
SCUnitPvPPointsChangedPacket,S2C,0,0,False,True,AAEmu.Game/Core/Packets/G2C/SCUnitPvPPointsChangedPacket.cs,0x204,DISCOVERY_LEAD
SCUnitVisualOptionsPacket,S2C,0,0,False,True,AAEmu.Game/Core/Packets/G2C/SCUnitVisualOptionsPacket.cs,0x1CB,DISCOVERY_LEAD
SCUnknownPacket,S2C,0,0,False,True,AAEmu.Game/Core/Packets/G2C/SCUnknownPacket.cs,0x0A0,DISCOVERY_LEAD
SCUnlockCurrencySlotPacket,S2C,0,0,False,True,AAEmu.Game/Core/Packets/G2C/SCUnlockCurrencySlotPacket.cs,0x20A,DISCOVERY_LEAD
SCUpdatePremiumPointPacket,S2C,0,0,False,True,AAEmu.Game/Core/Packets/G2C/SCUpdatePremiumPointPacket.cs,0x201,DISCOVERY_LEAD
SCUserNotesLoadedPacket,S2C,0,0,False,True,AAEmu.Game/Core/Packets/G2C/SCUserNotesLoadedPacket.cs,0x1E0,DISCOVERY_LEAD
SCVegetationCutdowningPacket,S2C,0,0,False,True,AAEmu.Game/Core/Packets/G2C/SCVegetationCutdowningPacket.cs,0x081,DISCOVERY_LEAD
SCWorldMessagePacket,S2C,0,0,False,True,AAEmu.Game/Core/Packets/G2C/SCWorldMessagePacket.cs,0x211,DISCOVERY_LEAD
SCWorldQueuePacket,S2C,0,0,False,True,AAEmu.Game/Core/Packets/G2C/SCWorldQueuePacket.cs,0x005,DISCOVERY_LEAD
TCCharNameQueriedPacket,S2C,0,0,False,True,AAEmu.Game/Core/Packets/S2C/TCCharNameQueriedPacket.cs,0x009,DISCOVERY_LEAD
TCDoodadIdsPacket,S2C,0,0,False,True,AAEmu.Game/Core/Packets/S2C/TCDoodadIdsPacket.cs,0x003,DISCOVERY_LEAD
TCDoodadStreamPacket,S2C,0,0,False,True,AAEmu.Game/Core/Packets/S2C/TCDoodadStreamPacket.cs,0x002,DISCOVERY_LEAD
TCDownloadEmblemPacket,S2C,0,0,False,True,AAEmu.Game/Core/Packets/S2C/TCDownloadEmblemPacket.cs,0x004,DISCOVERY_LEAD
TCEmblemStreamDownloadPacket,S2C,0,0,False,True,AAEmu.Game/Core/Packets/S2C/TCEmblemStreamDownloadPacket.cs,0x00C,DISCOVERY_LEAD
TCEmblemStreamRecvStatusPacket,S2C,0,0,False,True,AAEmu.Game/Core/Packets/S2C/TCEmblemStreamRecvStatusPacket.cs,0x00A,DISCOVERY_LEAD
TCEmblemStreamSendStatusPacket,S2C,0,0,False,True,AAEmu.Game/Core/Packets/S2C/TCEmblemStreamSendStatusPacket.cs,0x00B,DISCOVERY_LEAD
TCHouseFarmPacket,S2C,0,0,False,True,AAEmu.Game/Core/Packets/S2C/TCHouseFarmPacket.cs,0x00E,DISCOVERY_LEAD
TCItemUccDataPacket,S2C,0,0,False,True,AAEmu.Game/Core/Packets/S2C/TCItemUccDataPacket.cs,0x00D,DISCOVERY_LEAD
TCJoinResponsePacket,S2C,0,0,False,True,AAEmu.Game/Core/Packets/S2C/TCJoinResponsePacket.cs,0x001,DISCOVERY_LEAD
TCUccCharNamePacket,S2C,0,0,False,True,AAEmu.Game/Core/Packets/S2C/TCUccCharNamePacket.cs,0x008,DISCOVERY_LEAD
TCUccComplexCheckValidPacket,S2C,0,0,False,True,AAEmu.Game/Core/Packets/S2C/TCUccComplexCheckValidPacket.cs,0x00F,DISCOVERY_LEAD
TCUccComplexPacket,S2C,0,0,False,True,AAEmu.Game/Core/Packets/S2C/TCUccComplexPacket.cs,0x005,DISCOVERY_LEAD
TCUccPositionPacket,S2C,0,0,False,True,AAEmu.Game/Core/Packets/S2C/TCUccPositionPacket.cs,0x007,DISCOVERY_LEAD
TCUccStringPacket,S2C,0,0,False,True,AAEmu.Game/Core/Packets/S2C/TCUccStringPacket.cs,0x006,DISCOVERY_LEAD
X2EnterWorldResponsePacket,S2C,0,0,False,True,AAEmu.Game/Core/Packets/G2C/X2EnterWorldResponsePacket.cs,0x000,DISCOVERY_LEAD
PacketBase,UNKNOWN,0,0,False,True,AAEmu.Commons/Network/PacketBase.cs,,DISCOVERY_LEAD
PacketMarshaler,UNKNOWN,0,0,False,True,AAEmu.Commons/Network/PacketMarshaler.cs,,DISCOVERY_LEAD
PacketStream,UNKNOWN,0,0,False,True,AAEmu.Commons/Network/PacketStream.cs,,DISCOVERY_LEAD
