scenario,interaction:doodad_use,lifecycle:trace_started,lifecycle:trace_stopped,marker:mark,movement:move_begin,movement:move_stop,movement:movement_update,packet:packet_in,packet:packet_out,pkt:CSBuyItemsPacket,pkt:CSChangeMateTargetPacket,pkt:CSChangeTargetPacket,pkt:CSCompleteQuestContextPacket,pkt:CSCreateDoodadPacket,pkt:CSCreateSkillControllerPacket,pkt:CSInteractNPCEndPacket,pkt:CSInteractNPCPacket,pkt:CSListSoldItemPacket,pkt:CSMountMatePacket,pkt:CSMoveUnitPacket,pkt:CSNotifySubZonePacket,pkt:CSRemoveMatePacket,pkt:CSSaveTutorialPacket,pkt:CSSellItemsPacket,pkt:CSSendChatMessagePacket,pkt:CSStartInteractionPacket,pkt:CSStartQuestContextPacket,pkt:CSStartSkillPacket,pkt:CSUnMountMatePacket,pkt:CSUpdateActionSlotPacket,pkt:CompressedGamePackets,pkt:FastPingPacket,pkt:FastPongPacket,pkt:PingPacket,pkt:PongPacket,pkt:SCAggroTargetChangedPacket,pkt:SCAiAggroPacket,pkt:SCBmPointPacket,pkt:SCBuffCreatedPacket,pkt:SCBuffRemovedPacket,pkt:SCCastingStoppedPacket,pkt:SCCharacterLaborPowerChangedPacket,pkt:SCChatBubblePacket,pkt:SCChatMessagePacket,pkt:SCCombatClearedPacket,pkt:SCCombatFirstHitPacket,pkt:SCDoodadCreatedPacket,pkt:SCDoodadPhaseChangedPacket,pkt:SCDoodadRemovedPacket,pkt:SCDoodadsCreatedPacket,pkt:SCDoodadsRemovedPacket,pkt:SCErrorMsgPacket,pkt:SCExpChangedPacket,pkt:SCGamePointChangedPacket,pkt:SCGotMailPacket,pkt:SCICSCashPointPacket,pkt:SCItemTaskSuccessPacket,pkt:SCMateSpawnedPacket,pkt:SCMateStatePacket,pkt:SCNpcChatMessagePacket,pkt:SCNpcInteractionSkillListPacket,pkt:SCOneUnitMovementPacket,pkt:SCPlaySoundPacket,pkt:SCPlotEndedPacket,pkt:SCQuestContextCompletedPacket,pkt:SCQuestContextStartedPacket,pkt:SCQuestContextUpdatedPacket,pkt:SCSkillEndedPacket,pkt:SCSkillFiredPacket,pkt:SCSkillStartedPacket,pkt:SCSoldItemListPacket,pkt:SCTargetChangedPacket,pkt:SCTimeOfDayPacket,pkt:SCTutorialSavedPacket,pkt:SCUnitAttachedPacket,pkt:SCUnitDamagedPacket,pkt:SCUnitDeathPacket,pkt:SCUnitDetachedPacket,pkt:SCUnitHealedPacket,pkt:SCUnitModelPostureChangedPacket,pkt:SCUnitPointsPacket,pkt:SCUnitStatePacket,pkt:SCUnitsRemovedPacket,refusal:skill_refused,resource:labor_changed,resource:money_changed,skill:cast_started,skill:instant_cast,skill:skill_requested,world:doodad_created,world:doodad_phase_changed
buy_chick,0,1,1,0,0,0,0,45,480,1,0,0,0,0,0,0,1,0,0,5,0,0,1,0,1,1,0,0,0,0,0,0,0,35,35,0,1,0,0,0,0,0,0,1,0,0,0,0,0,0,0,0,0,0,0,0,3,0,0,0,1,419,0,0,0,0,0,0,0,0,0,0,1,1,0,0,0,0,0,18,0,0,0,0,0,1,0,0,0,0,0
combat_basic_melee,0,1,1,0,6,6,7,1291,5443,0,0,2,0,0,0,0,1,0,0,67,0,0,0,0,0,1,0,2,0,0,40,1029,1029,189,189,1,20,0,1,1,0,0,0,7,2,2,0,0,0,5,5,0,0,0,0,0,0,0,0,0,1,3373,0,0,0,1,2,40,40,0,0,312,5,0,0,0,1,0,22,197,143,0,4,0,0,0,0,18,2,0,0
combat_basic_ranged,0,1,1,0,0,0,0,1166,4166,0,0,1,0,0,0,0,0,0,0,28,0,0,0,0,0,0,0,20,0,0,18,964,964,153,153,1,19,0,7,1,0,0,0,5,2,2,0,0,0,0,0,0,0,0,0,0,0,0,0,0,0,2473,0,0,0,0,1,27,27,0,0,277,4,0,0,2,1,0,0,137,45,0,0,0,0,0,0,20,20,0,0
dismount_horse,0,1,1,0,6,6,1,76,588,0,0,0,0,0,2,0,0,0,0,35,0,0,0,0,1,0,0,0,1,0,0,0,0,37,37,0,0,0,0,0,0,0,0,2,0,0,0,0,0,0,0,0,0,0,0,0,0,0,0,0,0,522,0,0,0,0,0,1,1,0,0,2,1,0,0,0,0,1,0,20,1,0,0,0,0,0,0,0,0,0,0
harvest_chicken,1,1,1,0,1,1,0,74,866,0,0,1,0,0,0,0,0,0,0,10,0,0,0,0,1,0,0,1,0,0,0,0,0,61,61,0,0,0,0,0,0,1,0,2,0,0,0,2,0,0,0,1,1,1,0,0,1,0,0,0,0,754,0,0,0,0,0,1,1,1,0,1,2,0,0,0,0,0,0,35,1,0,0,0,1,0,1,0,1,0,2
human_potato_plant,2,1,0,1,15,15,14,685,6635,1,0,2,0,1,0,1,1,0,0,185,0,0,0,0,5,1,0,1,0,0,0,0,0,487,487,0,1,0,0,0,0,0,0,9,0,0,1,3,0,16,16,0,0,0,0,0,5,0,0,0,1,5791,0,0,0,0,0,1,1,1,0,2,13,0,0,0,0,0,0,286,1,0,0,0,0,1,1,0,1,1,4
mount_horse,0,1,1,0,0,0,0,60,610,0,1,2,0,0,2,0,0,0,1,7,0,0,0,0,1,0,0,1,0,0,0,0,0,45,45,0,0,0,0,0,0,0,0,4,0,0,0,0,0,0,0,0,0,0,0,0,1,1,1,0,0,521,0,0,0,0,0,1,1,0,0,3,2,0,1,0,0,0,0,26,2,1,0,0,0,0,0,1,1,0,0
pick_potato,1,1,1,0,2,2,3,134,1345,0,0,1,0,0,0,0,0,0,0,39,0,0,0,0,3,0,0,1,0,0,0,0,0,90,90,0,0,1,0,0,0,1,0,5,0,0,0,1,2,8,8,1,1,1,0,1,2,0,0,0,0,1167,0,0,0,0,0,1,1,1,0,1,2,0,0,0,0,0,0,49,1,0,0,0,1,0,1,0,1,0,1
place_chick,0,1,1,0,0,0,0,29,317,0,0,0,0,1,0,0,0,0,0,2,0,0,0,0,1,0,0,0,0,0,0,0,0,25,25,0,0,0,0,0,0,0,0,1,0,0,1,0,0,0,0,0,0,0,0,0,2,0,0,0,0,273,0,0,0,0,0,0,0,0,0,0,0,0,0,0,0,0,0,15,0,0,0,0,0,0,0,0,0,1,1
quest_accept_and_turnin,0,1,1,0,58,58,222,3831,18344,0,2,12,1,0,18,1,2,0,2,968,5,2,0,0,0,1,1,118,2,1,128,2093,2093,602,602,6,70,1,44,35,2,0,1,34,11,11,5,0,4,37,37,1,1,0,0,1,7,2,2,1,1,12685,1,12,1,1,12,94,91,8,0,1162,15,0,2,21,5,2,29,603,378,55,30,6,0,1,0,50,118,0,0
sell_items,0,1,1,0,2,2,0,92,816,0,0,1,0,0,0,0,1,2,0,29,0,0,0,1,2,1,0,0,0,0,0,0,0,55,55,0,1,0,0,0,0,0,0,4,0,0,0,0,0,0,0,0,0,0,1,0,2,0,0,0,1,720,0,0,0,0,0,0,0,0,2,1,1,0,0,0,0,0,0,28,0,0,0,0,0,1,0,0,0,0,0
summon_dismiss_pet,0,1,1,0,1,1,0,52,475,0,1,0,0,0,2,0,0,0,0,14,0,1,0,0,1,0,0,1,0,0,0,0,0,32,32,0,0,0,0,0,0,0,0,1,0,0,0,0,0,0,0,0,0,0,0,0,1,1,1,0,0,410,0,0,0,0,0,1,1,0,0,1,1,0,0,0,0,0,0,21,2,1,1,0,0,0,0,1,1,0,0
talk_npc,0,1,1,0,1,1,0,40,417,0,0,2,0,0,0,1,3,0,0,5,0,0,0,0,1,3,0,0,0,0,0,0,0,25,25,0,3,0,0,0,0,0,0,3,0,0,0,0,0,0,0,0,0,0,0,0,0,0,0,0,3,366,0,0,0,0,0,0,0,0,0,2,1,0,0,0,0,0,0,14,0,0,0,0,0,0,0,0,0,0,0
use_bag_consumable,0,1,1,0,0,0,0,65,1132,0,0,0,0,0,0,0,0,0,0,5,0,0,0,0,0,0,0,1,0,0,1,0,0,59,59,0,0,0,0,0,0,0,0,1,0,0,0,0,0,0,0,0,0,0,0,0,1,0,0,0,0,1009,0,0,0,0,0,1,1,0,0,1,1,0,0,0,0,0,0,53,3,1,0,0,0,0,0,1,1,0,0
